"CAD.Event.Number","Event.Clearance.Description","Call.Type","Priority","Initial.Call.Type","Final.Call.Type","Incident.Date","Blurred_Longitude","Blurred_Latitude","broad_category"
2024000131882,"REPORT WRITTEN (NO ARREST)","TELEPHONE OTHER, NOT 911",3,"AUTO THEFT - VEH THEFT OR THEFT AND RECOVERY","AUTOMOBILES - AUTO THEFT",2024-05-15,-122.28715964,47.61099714,"theft"
2024000126846,"REPORT WRITTEN (NO ARREST)","TELEPHONE OTHER, NOT 911",2,"BIAS","ASSAULTS - HARASSMENT, THREATS",2024-05-10,-122.28603116,47.6121097,"disturbance"
2024000126229,"UNABLE TO LOCATE INCIDENT OR COMPLAINANT","911",3,"DISTURBANCE","DISTURBANCE - OTHER",2024-05-09,-122.28198511,47.61206168,"disturbance"
2024000113647,"UNABLE TO LOCATE INCIDENT OR COMPLAINANT","911",3,"PERSON IN BEHAVIORAL/EMOTIONAL CRISIS","ASSIST PUBLIC - OTHER (NON-SPECIFIED)",2024-04-26,-122.28198511,47.61206168,"disturbance"
2024000077755,"UNABLE TO LOCATE INCIDENT OR COMPLAINANT","TELEPHONE OTHER, NOT 911",5,"TRU - THEFT","THEFT - ALL OTHER",2024-03-21,-122.28603116,47.6121097,"theft"
2024000044123,"REPORT WRITTEN (NO ARREST)","TELEPHONE OTHER, NOT 911",1,"ASLT - MOLESTED ADULT (GROPED, FONDLED, ETC.)","SEX OFFENSES (RAPE) - MOLESTING",2024-02-16,-122.28198511,47.61206168,"violence"
2023000340135,"UNABLE TO LOCATE INCIDENT OR COMPLAINANT","911",2,"DISTURBANCE","DISTURBANCE - OTHER",2023-11-25,-122.28198512,47.61206168,"disturbance"
2023000327498,"UNABLE TO LOCATE INCIDENT OR COMPLAINANT","TELEPHONE OTHER, NOT 911",3,"SUSPICIOUS PERSON, VEHICLE, OR INCIDENT","SUSPICIOUS CIRCUM. - SUSPICIOUS PERSON",2023-11-12,-122.28198512,47.61206168,"suspicious"
2023000310050,"REPORT WRITTEN (NO ARREST)","911",3,"SUSPICIOUS PERSON, VEHICLE, OR INCIDENT","CRISIS COMPLAINT - GENERAL",2023-10-26,-122.28302061,47.6119038,"suspicious"
2023000310268,"UNABLE TO LOCATE INCIDENT OR COMPLAINANT","911",2,"TRAFFIC - BLOCKING ROADWAY","TRAFFIC - BLOCKING TRAFFIC",2023-10-26,-122.28198512,47.61206168,"traffic"
2023000307883,"REPORT WRITTEN (NO ARREST)","911",2,"THEFT (DOES NOT INCLUDE SHOPLIFT OR SVCS)","THEFT - CAR PROWL",2023-10-24,-122.28302061,47.6119038,"theft"
2023000305293,"REPORT WRITTEN (NO ARREST)","911",5,"TRU - DISTURBANCE","DISTURBANCE - OTHER",2023-10-21,-122.28609484,47.60922076,"disturbance"
2023000302671,"UNABLE TO LOCATE INCIDENT OR COMPLAINANT","TELEPHONE OTHER, NOT 911",3,"THEFT (DOES NOT INCLUDE SHOPLIFT OR SVCS)","THEFT - ALL OTHER",2023-10-18,-122.28198512,47.61206168,"theft"
2023000282282,"NO POLICE ACTION POSSIBLE OR NECESSARY","911",2,"THEFT (DOES NOT INCLUDE SHOPLIFT OR SVCS)","THEFT - ALL OTHER",2023-09-29,-122.28224624,47.61177635,"theft"
2023000216283,"REPORT WRITTEN (NO ARREST)","TELEPHONE OTHER, NOT 911",3,"AUTO THEFT - VEH THEFT OR THEFT AND RECOVERY","AUTOMOBILES - AUTO THEFT & RECOVERY",2023-07-30,-122.28607748,47.60979756,"theft"
2023000192721,"NO POLICE ACTION POSSIBLE OR NECESSARY","TELEPHONE OTHER, NOT 911",2,"LIQUOR VIOLATIONS - MINOR","DISTURBANCE - OTHER",2023-07-08,-122.28603116,47.6121097,"disturbance"
2023000191492,"REPORT WRITTEN (NO ARREST)","TELEPHONE OTHER, NOT 911",3,"BURN - RECKLESS BURNING","SUSPICIOUS CIRCUM. - SUSPICIOUS PERSON",2023-07-07,-122.28715964,47.61099714,"disturbance"
2023000188031,"ASSISTANCE RENDERED","911",4,"FIREWORKS (NO HAZARD)","DISTURBANCE - OTHER",2023-07-04,-122.28631637,47.61037728,"disturbance"
2023000186280,"ASSISTANCE RENDERED","911",2,"DISTURBANCE","SUSPICIOUS CIRCUM. - SUSPICIOUS PERSON",2023-07-03,-122.28198512,47.61206168,"disturbance"
2023000175798,"ASSISTANCE RENDERED","911",3,"OBS - NOISE - DISTURBANCE (PARTY, ETC)","DISTURBANCE - OTHER",2023-06-23,-122.28715964,47.61099714,"disturbance"
2023000160673,"REPORT WRITTEN (NO ARREST)","911",5,"TRU - THEFT","THEFT - ALL OTHER",2023-06-09,-122.28715964,47.61099714,"theft"
2023000160004,"REPORT WRITTEN (NO ARREST)","ONVIEW",3,"AUTO - THEFT/LOSS OF PLATES","AUTOMOBILES - AUTO THEFT & RECOVERY",2023-06-09,-122.28712634,47.6122376,"theft"
2023000158565,"REPORT WRITTEN (NO ARREST)","911",1,"ASLT - CRITICAL (NO SHOOTINGS)","ASSAULTS, OTHER",2023-06-07,-122.28198512,47.61206168,"violence"
2023000142926,"REPORT WRITTEN (NO ARREST)","TELEPHONE OTHER, NOT 911",5,"TRU - THEFT","THEFT - BICYCLE",2023-05-24,-122.28410154,47.61205754,"theft"
2023000133546,"ASSISTANCE RENDERED","TELEPHONE OTHER, NOT 911",3,"DISTURBANCE","SUSPICIOUS CIRCUM. - SUSPICIOUS PERSON",2023-05-16,-122.28224625,47.61177635,"disturbance"
2023000129794,"REPORT WRITTEN (NO ARREST)","911",2,"SUSPICIOUS PERSON, VEHICLE, OR INCIDENT","SUSPICIOUS CIRCUM. - SUSPICIOUS PERSON",2023-05-12,-122.28471407,47.60915774,"suspicious"
2023000115687,"REPORT WRITTEN (NO ARREST)","TELEPHONE OTHER, NOT 911",3,"AUTO THEFT - VEH THEFT OR THEFT AND RECOVERY","AUTOMOBILES - AUTO THEFT",2023-04-29,-122.28607748,47.60979756,"theft"
2023000095527,"REPORT WRITTEN (NO ARREST)","911",3,"AUTO THEFT - VEH THEFT OR THEFT AND RECOVERY","THEFT - ALL OTHER",2023-04-09,-122.28607748,47.60979756,"theft"
2023000040706,"ASSISTANCE RENDERED","911",2,"OBS - PROWLER","SUSPICIOUS CIRCUM. - SUSPICIOUS PERSON",2023-02-11,-122.28302061,47.6119038,"suspicious"
2022000312526,"UNABLE TO LOCATE INCIDENT OR COMPLAINANT","911",3,"SUSPICIOUS PERSON, VEHICLE, OR INCIDENT","SUSPICIOUS CIRCUM. - SUSPICIOUS PERSON",2022-11-21,-122.28411376,47.61150482,"suspicious"
2022000309895,"ASSISTANCE RENDERED","TELEPHONE OTHER, NOT 911",2,"DISTURBANCE","ASSIST OTHER AGENCY - COUNTY AGENCY",2022-11-18,-122.28198512,47.61206168,"disturbance"
2022000284104,"REPORT WRITTEN (NO ARREST)","911",3,"AUTO THEFT - VEH THEFT OR THEFT AND RECOVERY","AUTOMOBILES - AUTO THEFT",2022-10-22,-122.28607748,47.60979756,"theft"
2022000275927,"ASSISTANCE RENDERED","911",2,"TRAFFIC - BLOCKING ROADWAY","SUSPICIOUS CIRCUM. - SUSPICIOUS PERSON",2022-10-14,-122.28198512,47.61206168,"traffic"
2022000273820,"REPORT WRITTEN (NO ARREST)","TELEPHONE OTHER, NOT 911",3,"AUTO THEFT - VEH THEFT OR THEFT AND RECOVERY","AUTOMOBILES - AUTO THEFT",2022-10-12,-122.28715965,47.61099714,"theft"
2022000269323,"UNABLE TO LOCATE INCIDENT OR COMPLAINANT","911",5,"TRU - THREATS","ASSAULTS - HARASSMENT, THREATS",2022-10-07,-122.28719052,47.60980993,"disturbance"
2022000260495,"NO POLICE ACTION POSSIBLE OR NECESSARY","911",2,"SUSPICIOUS PERSON, VEHICLE, OR INCIDENT","SUSPICIOUS CIRCUM. - SUSPICIOUS PERSON",2022-09-29,-122.28198512,47.61206168,"suspicious"
2022000256528,"REPORT WRITTEN (NO ARREST)","911",2,"THEFT (DOES NOT INCLUDE SHOPLIFT OR SVCS)","THEFT - CAR PROWL",2022-09-25,-122.28302061,47.6119038,"theft"
2022000255333,"ASSISTANCE RENDERED","911",2,"SUSPICIOUS PERSON, VEHICLE, OR INCIDENT","SUSPICIOUS CIRCUM. - SUSPICIOUS PERSON",2022-09-24,-122.28715965,47.61099714,"suspicious"
2022000255291,"ASSISTANCE RENDERED","911",2,"SUSPICIOUS PERSON, VEHICLE, OR INCIDENT","SUSPICIOUS CIRCUM. - SUSPICIOUS PERSON",2022-09-23,-122.28715965,47.61099714,"suspicious"
2022000252380,"PHYSICAL ARREST MADE","911",2,"DISTURBANCE","ASSAULTS - HARASSMENT, THREATS",2022-09-21,-122.28198512,47.61206168,"disturbance"
2022000231680,"REPORT WRITTEN (NO ARREST)","911",3,"AUTO - THEFT/LOSS OF PLATES","AUTOMOBILES - LICENSE PLATE(S) THEFT OR LOSS",2022-08-31,-122.28712634,47.6122376,"theft"
2022000218318,"UNABLE TO LOCATE INCIDENT OR COMPLAINANT","911",2,"SUSPICIOUS PERSON, VEHICLE, OR INCIDENT","SUSPICIOUS CIRCUM. - SUSPICIOUS PERSON",2022-08-18,-122.28198512,47.61206168,"suspicious"
2022000211807,"NO POLICE ACTION POSSIBLE OR NECESSARY","TELEPHONE OTHER, NOT 911",3,"OBS - NOISE - DISTURBANCE (PARTY, ETC)","DISTURBANCE - FIGHT",2022-08-11,-122.28715965,47.61099714,"disturbance"
2022000207295,"UNABLE TO LOCATE INCIDENT OR COMPLAINANT","TELEPHONE OTHER, NOT 911",3,"PARKING VIOLATION (EXCEPT ABANDONED CAR)","TRAFFIC - PARKING VIOL (EXCEPT ABANDONED CAR)",2022-08-07,-122.28198512,47.61206168,"traffic"
2022000205837,"PHYSICAL ARREST MADE","911",2,"THREATS (INCLS IN-PERSON/BY PHONE/IN WRITING)","ASSAULTS - HARASSMENT, THREATS",2022-08-06,-122.28224625,47.61177635,"disturbance"
2022000195225,"REPORT WRITTEN (NO ARREST)","911",2,"LEWD -  (EXPOSING, FLASHING)","CRISIS COMPLAINT - GENERAL",2022-07-27,-122.28198512,47.61206168,"lewd"
2022000166605,"REPORT WRITTEN (NO ARREST)","911",2,"PROPERTY - DAMAGE","PROPERTY DEST (DAMG) - GRAFFITI (INCLUDES GANG)",2022-06-29,-122.28224624,47.61177635,"prop.dmg"
2022000102904,"ORAL WARNING GIVEN","ONVIEW",7,"SUSPICIOUS STOP - OFFICER INITIATED ONVIEW","SUSPICIOUS CIRCUM. - SUSPICIOUS PERSON",2022-04-25,-122.28224624,47.61177635,"suspicious"
2022000087373,"ASSISTANCE RENDERED","TELEPHONE OTHER, NOT 911",2,"DISTURBANCE","MISCHIEF OR NUISANCE - GENERAL",2022-04-08,-122.28198512,47.61206168,"disturbance"
2022000030171,"ASSISTANCE RENDERED","TELEPHONE OTHER, NOT 911",3,"NUISANCE","SUSPICIOUS CIRCUM. - SUSPICIOUS PERSON",2022-02-04,-122.28224625,47.61177635,"disturbance"
2021000328566,"REPORT WRITTEN (NO ARREST)","TELEPHONE OTHER, NOT 911",3,"AUTO THEFT - VEH THEFT OR THEFT AND RECOVERY","AUTOMOBILES - AUTO THEFT",2021-12-13,-122.28603117,47.61210969,"theft"
2021000290185,"ASSISTANCE RENDERED","911",2,"OBS - FIGHT - VERBAL/ORAL (NO WEAPONS)","DISTURBANCE - OTHER",2021-11-01,-122.28501219,47.61036516,"disturbance"
2021000275410,"REPORT WRITTEN (NO ARREST)","TELEPHONE OTHER, NOT 911",5,"TRU - SUSPICIOUS CIRCUMSTANCES","PROPERTY - DAMAGE",2021-10-17,-122.28715965,47.61099714,"suspicious"
2021000254839,"REPORT WRITTEN (NO ARREST)","911",2,"THEFT (DOES NOT INCLUDE SHOPLIFT OR SVCS)","THEFT - CAR PROWL",2021-09-27,-122.28712634,47.6122376,"theft"
2021000200367,"REPORT WRITTEN (NO ARREST)","911",2,"THEFT (DOES NOT INCLUDE SHOPLIFT OR SVCS)","THEFT - ALL OTHER",2021-08-04,-122.28484797,47.61100209,"theft"
2021000187150,"UNABLE TO LOCATE INCIDENT OR COMPLAINANT","TELEPHONE OTHER, NOT 911",2,"TRESPASS","PROWLER - TRESPASS",2021-07-22,-122.28224625,47.61177635,"suspicious"
2021000180874,"ASSISTANCE RENDERED","TELEPHONE OTHER, NOT 911",2,"DISTURBANCE","DISTURBANCE - OTHER",2021-07-16,-122.28198512,47.61206168,"disturbance"
2021000127137,"CITATION ISSUED (CRIMINAL OR NON-CRIMINAL)","ONVIEW",2,"TRAFFIC - BLOCKING ROADWAY","TRAFFIC - PARKING VIOL (EXCEPT ABANDONED CAR)",2021-05-24,-122.28411376,47.61150482,"traffic"
2021000109212,"UNABLE TO LOCATE INCIDENT OR COMPLAINANT","911",1,"OBS - PROWLER - IP/JO","PROWLER - TRESPASS",2021-05-05,-122.28224625,47.61177635,"disturbance"
2021000109203,"ASSISTANCE RENDERED","911",1,"OBS - PROWLER - IP/JO","PROWLER - GENERAL",2021-05-05,-122.28224625,47.61177635,"disturbance"
2021000065383,"REPORT WRITTEN (NO ARREST)","TELEPHONE OTHER, NOT 911",5,"TRU - THREATS","ASSAULTS - HARASSMENT, THREATS",2021-03-17,-122.28605121,47.61068396,"disturbance"
2021000045820,"ASSISTANCE RENDERED","911",2,"PERSON IN BEHAVIORAL/EMOTIONAL CRISIS","ASSIST OTHER AGENCY - COUNTY AGENCY",2021-02-23,-122.28198512,47.61206168,"disturbance"
2021000044874,"NO POLICE ACTION POSSIBLE OR NECESSARY","TELEPHONE OTHER, NOT 911",3,"OBS - NOISE - DISTURBANCE (PARTY, ETC)","DISTURBANCE - NOISE",2021-02-22,-122.28715965,47.61099714,"disturbance"
2021000021412,"NO POLICE ACTION POSSIBLE OR NECESSARY","TELEPHONE OTHER, NOT 911",3,"NUISANCE","MISCHIEF OR NUISANCE - GENERAL",2021-01-26,-122.28198512,47.61206168,"disturbance"
2020000322684,"DUPLICATED OR CANCELLED BY RADIO","TELEPHONE OTHER, NOT 911",1,"DETOX - PICKUP (FIRE / POLICE STANDING BY)","DETOX - PICKUP (FIRE / POLICE STANDING BY)",2020-11-18,-122.28198512,47.61206168,"drug"
2020000322093,"REPORT WRITTEN (NO ARREST)","TELEPHONE OTHER, NOT 911",3,"AUTO - THEFT/LOSS OF PLATES","THEFT - ALL OTHER",2020-11-17,-122.28410155,47.61205754,"theft"
2020000282006,"ASSISTANCE RENDERED","911",2,"FIGHT - PHYSICAL (NO WEAPONS)","DISTURBANCE - OTHER",2020-10-01,-122.28224625,47.61177635,"violence"
2020000272920,"ASSISTANCE RENDERED","911",2,"THEFT (DOES NOT INCLUDE SHOPLIFT OR SVCS)","SUSPICIOUS CIRCUM. - SUSPICIOUS PERSON",2020-09-21,-122.28198512,47.61206168,"theft"
2020000237850,"REPORT WRITTEN (NO ARREST)","911",1,"OBS WEAPN-IP/JO-GUN,DEADLY WPN (NO THRT/ASLT/DIST)","DISTURBANCE - OTHER",2020-08-12,-122.28198512,47.61206168,"violence"
2020000228470,"UNABLE TO LOCATE INCIDENT OR COMPLAINANT","911",1,"SHOTS HEARD - IN PROGRESS","DISTURBANCE - OTHER",2020-08-01,-122.28198512,47.61206168,"violence"
2020000208416,"ASSISTANCE RENDERED","911",2,"SUSPICIOUS PERSON, VEHICLE, OR INCIDENT","ASSIST PUBLIC - OTHER (NON-SPECIFIED)",2020-07-08,-122.28350391,47.61149871,"suspicious"
2020000188858,"REPORT WRITTEN (NO ARREST)","911",1,"OBS - PROWLER - IP/JO","DISTURBANCE - OTHER",2020-06-16,-122.28715965,47.61099714,"disturbance"
2020000179615,"REPORT WRITTEN (NO ARREST)","TELEPHONE OTHER, NOT 911",5,"TRU - THEFT","THEFT - ALL OTHER",2020-06-02,-122.28603117,47.61210969,"theft"
2020000152920,"UNABLE TO LOCATE INCIDENT OR COMPLAINANT","911",1,"SHOTS HEARD - IN PROGRESS","DISTURBANCE - OTHER",2020-05-08,-122.28410155,47.61205754,"violence"
2020000133993,"ASSISTANCE RENDERED","TELEPHONE OTHER, NOT 911",2,"DISTURBANCE","ASSIST OTHER AGENCY - COUNTY AGENCY",2020-04-22,-122.28198512,47.61206168,"disturbance"
2020000111505,"REPORT WRITTEN (NO ARREST)","911",2,"ASLT - WITH OR W/O WPNS (NO SHOOTINGS)","ASSAULTS, OTHER",2020-04-02,-122.28605121,47.61068396,"violence"
2020000058381,"NO POLICE ACTION POSSIBLE OR NECESSARY","911",3,"DISTURBANCE","DISTURBANCE - NOISE",2020-02-15,-122.28715965,47.61099714,"disturbance"
2019000375930,"ASSISTANCE RENDERED","911",2,"DISTURBANCE","DISTURBANCE - OTHER",2019-10-08,-122.28198512,47.61206168,"disturbance"
2019000372770,"ASSISTANCE RENDERED","911",1,"OBS - FIGHT - IP - PHYSICAL (NO WEAPONS)","DISTURBANCE - OTHER",2019-10-06,-122.28198512,47.61206168,"violence"
2019000361355,"FOLLOW-UP REPORT MADE","911",2,"SUSPICIOUS PERSON, VEHICLE, OR INCIDENT","ROBBERY - STRONG ARM",2019-09-27,-122.28224625,47.61177635,"suspicious"
2019000347208,"ASSISTANCE RENDERED","TELEPHONE OTHER, NOT 911",2,"SUSPICIOUS PERSON, VEHICLE, OR INCIDENT","PROWLER - GENERAL",2019-09-16,-122.28410155,47.61205754,"suspicious"
2019000338214,"ASSISTANCE RENDERED","TELEPHONE OTHER, NOT 911",1,"DISTURBANCE","ASSIST OTHER AGENCY - COUNTY AGENCY",2019-09-10,-122.28198512,47.61206168,"disturbance"
2019000301976,"UNABLE TO LOCATE INCIDENT OR COMPLAINANT","911",3,"NUISANCE","TRAFFIC - PARKING VIOL (EXCEPT ABANDONED CAR)",2019-08-14,-122.28410155,47.61205754,"disturbance"
2019000291297,"INCIDENT LOCATED, PUBLIC ORDER RESTORED","TELEPHONE OTHER, NOT 911",3,"DISTURBANCE","DISTURBANCE - NOISE",2019-08-06,-122.28302061,47.6119038,"disturbance"
2019000277224,"UNABLE TO LOCATE INCIDENT OR COMPLAINANT","911",3,"SUSPICIOUS PERSON, VEHICLE, OR INCIDENT","DISTURBANCE - NOISE",2019-07-28,-122.28712634,47.6122376,"suspicious"
2019000258119,"ORAL WARNING GIVEN","ONVIEW",7,"SUSPICIOUS STOP - OFFICER INITIATED ONVIEW","SEX OFFENSES (NON-RAPE) - LEWD CONDUCT",2019-07-14,-122.28198512,47.61206168,"suspicious"
2019000164088,"UNABLE TO LOCATE INCIDENT OR COMPLAINANT","TELEPHONE OTHER, NOT 911",2,"SUSPICIOUS PERSON, VEHICLE, OR INCIDENT","SUSPICIOUS CIRCUM. - SUSPICIOUS PERSON",2019-05-07,-122.28198512,47.61206168,"suspicious"
2019000164053,"ASSISTANCE RENDERED","911",1,"ASLT - CRITICAL (NO SHOOTINGS)","DISTURBANCE - OTHER",2019-05-07,-122.28198512,47.61206168,"violence"
2019000144538,"ASSISTANCE RENDERED","911",1,"SHOTS HEARD - IN PROGRESS","DISTURBANCE - OTHER",2019-04-23,-122.28302061,47.6119038,"violence"
2019000114536,"ASSISTANCE RENDERED","TELEPHONE OTHER, NOT 911",1,"DISTURBANCE","ASSIST OTHER AGENCY - COUNTY AGENCY",2019-03-31,-122.28198512,47.61206168,"disturbance"
2019000089941,"ASSISTANCE RENDERED","TELEPHONE OTHER, NOT 911",3,"SUSPICIOUS PERSON, VEHICLE, OR INCIDENT","SUSPICIOUS CIRCUM. - SUSPICIOUS PERSON",2019-03-13,-122.28410155,47.61205754,"suspicious"
2019000060151,"REPORT WRITTEN (NO ARREST)","TELEPHONE OTHER, NOT 911",3,"THEFT (DOES NOT INCLUDE SHOPLIFT OR SVCS)","THEFT - CAR PROWL",2019-02-17,-122.28607748,47.60979756,"theft"
2019000010602,"ASSISTANCE RENDERED","911",2,"HAZ - POTENTIAL THRT TO PHYS SAFETY","SUSPICIOUS CIRCUM. - SUSPICIOUS PERSON",2019-01-08,-122.28198512,47.61206168,"suspicious"
2018000462522,"REPORT WRITTEN (NO ARREST)","TELEPHONE OTHER, NOT 911",3,"HARAS - NO BIAS OR THREATS","ASSAULTS - HARASSMENT, THREATS",2018-12-12,-122.28410155,47.61205754,"disturbance"
2018000456844,"UNABLE TO LOCATE INCIDENT OR COMPLAINANT","911",2,"HARAS - NO BIAS OR THREATS","DISTURBANCE - OTHER",2018-12-07,-122.28410155,47.61205754,"disturbance"
2018000432723,"REPORT WRITTEN (NO ARREST)","911",2,"ASLT - WITH OR W/O WPNS (NO SHOOTINGS)","ASSAULTS, OTHER",2018-11-18,-122.28410155,47.61205754,"violence"
2018000432440,"REPORT WRITTEN (NO ARREST)","TELEPHONE OTHER, NOT 911",3,"HARAS - NO BIAS OR THREATS","ASSAULTS - HARASSMENT, THREATS",2018-11-18,-122.28410155,47.61205754,"disturbance"
2018000342595,"REPORT WRITTEN (NO ARREST)","911",2,"DISTURBANCE","ASSAULTS, OTHER",2018-09-13,-122.28410155,47.61205754,"disturbance"
2018000286013,"REPORT WRITTEN (NO ARREST)","TELEPHONE OTHER, NOT 911",3,"AUTO THEFT - VEH THEFT OR THEFT AND RECOVERY","AUTOMOBILES - AUTO THEFT",2018-08-02,-122.28712634,47.6122376,"theft"
2018000282194,"UNABLE TO LOCATE INCIDENT OR COMPLAINANT","911",3,"DISTURBANCE","SUSPICIOUS CIRCUM. - SUSPICIOUS PERSON",2018-07-30,-122.28468983,47.60975947,"disturbance"
2018000282185,"UNABLE TO LOCATE INCIDENT OR COMPLAINANT","911",2,"DISTURBANCE","DISTURBANCE - OTHER",2018-07-30,-122.28302061,47.6119038,"disturbance"
2018000280429,"ASSISTANCE RENDERED","911",3,"SUSPICIOUS PERSON, VEHICLE, OR INCIDENT","SUSPICIOUS CIRCUM. - SUSPICIOUS PERSON",2018-07-29,-122.28198512,47.61206168,"suspicious"
2018000244116,"REPORT WRITTEN (NO ARREST)","911",3,"DISTURBANCE","CRISIS COMPLAINT - GENERAL",2018-07-04,-122.28714376,47.61160717,"disturbance"
2018000230894,"ASSISTANCE RENDERED","911",2,"THREATS (INCLS IN-PERSON/BY PHONE/IN WRITING)","DISTURBANCE - OTHER",2018-06-24,-122.28198512,47.61206168,"disturbance"
2018000216587,"ASSISTANCE RENDERED","TELEPHONE OTHER, NOT 911",1,"DISTURBANCE","MISCHIEF OR NUISANCE - GENERAL",2018-06-14,-122.28198512,47.61206168,"disturbance"
2018000190327,"UNABLE TO LOCATE INCIDENT OR COMPLAINANT","TELEPHONE OTHER, NOT 911",3,"OBS - NOISE - DISTURBANCE (PARTY, ETC)","DISTURBANCE - NOISE",2018-05-26,-122.28715965,47.61099714,"disturbance"
2018000182580,"REPORT WRITTEN (NO ARREST)","TELEPHONE OTHER, NOT 911",3,"SUSPICIOUS PERSON, VEHICLE, OR INCIDENT","SUSPICIOUS CIRCUM. - SUSPICIOUS PERSON",2018-05-21,-122.28712634,47.6122376,"suspicious"
2018000143029,"ASSISTANCE RENDERED","ONVIEW",2,"TRAFFIC - BLOCKING ROADWAY","TRAFFIC - BLOCKING TRAFFIC",2018-04-23,-122.28198512,47.61206168,"traffic"
2018000138996,"ASSISTANCE RENDERED","ONVIEW",3,"PERSON IN BEHAVIORAL/EMOTIONAL CRISIS","CRISIS COMPLAINT - GENERAL",2018-04-20,-122.28198512,47.61206168,"disturbance"
2018000129824,"ASSISTANCE RENDERED","TELEPHONE OTHER, NOT 911",3,"SUSPICIOUS PERSON, VEHICLE, OR INCIDENT","SUSPICIOUS CIRCUM. - SUSPICIOUS PERSON",2018-04-13,-122.28717553,47.61038711,"suspicious"
2018000094998,"UNABLE TO LOCATE INCIDENT OR COMPLAINANT","TELEPHONE OTHER, NOT 911",1,"ASLT - CRITICAL (NO SHOOTINGS)","DISTURBANCE - OTHER",2018-03-16,-122.28198512,47.61206168,"violence"
2018000089588,"REPORT WRITTEN (NO ARREST)","ONVIEW",3,"PROPERTY - DAMAGE","PROPERTY DEST (DAMG)",2018-03-12,-122.28411376,47.61150482,"prop.dmg"
2018000089361,"REPORT WRITTEN (NO ARREST)","TELEPHONE OTHER, NOT 911",3,"HARAS - NO BIAS OR THREATS","PROWLER - TRESPASS",2018-03-12,-122.28411376,47.61150482,"disturbance"
2018000077516,"REPORT WRITTEN (NO ARREST)","ONVIEW",3,"DISTURBANCE","MISCHIEF OR NUISANCE - GENERAL",2018-03-03,-122.28410153,47.61205754,"disturbance"
2018000077447,"REPORT WRITTEN (NO ARREST)","TELEPHONE OTHER, NOT 911",3,"HARAS - NO BIAS OR THREATS","DISTURBANCE - OTHER",2018-03-03,-122.28410155,47.61205754,"disturbance"
2018000065487,"UNABLE TO LOCATE INCIDENT OR COMPLAINANT","911",1,"OBS - PROWLER - IP/JO","SUSPICIOUS CIRCUM. - SUSPICIOUS PERSON",2018-02-22,-122.28410155,47.61205754,"disturbance"
2018000050169,"ASSISTANCE RENDERED","TELEPHONE OTHER, NOT 911",3,"SUSPICIOUS PERSON, VEHICLE, OR INCIDENT","SUSPICIOUS PERSON, VEHICLE, OR INCIDENT",2018-02-09,-122.28609484,47.60922076,"suspicious"
2018000040108,"UNABLE TO LOCATE INCIDENT OR COMPLAINANT","TELEPHONE OTHER, NOT 911",3,"NUISANCE","PROWLER - TRESPASS",2018-02-02,-122.28466559,47.61036119,"disturbance"
2018000034867,"ASSISTANCE RENDERED","TELEPHONE OTHER, NOT 911",3,"NUISANCE","MISCHIEF OR NUISANCE - GENERAL",2018-01-29,-122.28484797,47.61100209,"disturbance"
2018000018609,"UNABLE TO LOCATE INCIDENT OR COMPLAINANT","TELEPHONE OTHER, NOT 911",2,"OBS - PROWLER","PROWLER - TRESPASS",2018-01-16,-122.28224625,47.61177635,"suspicious"
2017000479574,"REPORT WRITTEN (NO ARREST)","911",1,"THREATS (INCLS IN-PERSON/BY PHONE/IN WRITING)","DISTURBANCE - OTHER",2017-12-31,-122.28198512,47.61206168,"disturbance"
2017000468827,"ASSISTANCE RENDERED","TELEPHONE OTHER, NOT 911",1,"DISTURBANCE","INTOX & LIQ VIOLS - INTOXICATED PERSON",2017-12-21,-122.28198512,47.61206168,"disturbance"
2017000448594,"ASSISTANCE RENDERED","911",2,"SUSPICIOUS PERSON, VEHICLE, OR INCIDENT","SUSPICIOUS CIRCUM. - SUSPICIOUS PERSON",2017-12-05,-122.28224625,47.61177635,"suspicious"
2017000419406,"PROBLEM SOLVING PROJECT","TELEPHONE OTHER, NOT 911",2,"DISTURBANCE","PROWLER - TRESPASS",2017-11-12,-122.28198512,47.61206168,"disturbance"
2017000371276,"ASSISTANCE RENDERED","TELEPHONE OTHER, NOT 911",4,"NOISE - ANIMAL (INCLUDES BARKING DOGS)","DISTURBANCE - NOISE",2017-10-06,-122.28559782,47.6107281,"disturbance"
2017000297238,"ASSISTANCE RENDERED","911",3,"DISTURBANCE","DISTURBANCE - NOISE",2017-08-11,-122.28198512,47.61206168,"disturbance"
2017000297178,"ASSISTANCE RENDERED","TELEPHONE OTHER, NOT 911",3,"DISTURBANCE","DISTURBANCE - NOISE",2017-08-11,-122.28198512,47.61206168,"disturbance"
2017000296659,"UNABLE TO LOCATE INCIDENT OR COMPLAINANT","911",3,"DISTURBANCE","DISTURBANCE - OTHER",2017-08-11,-122.28198512,47.61206168,"disturbance"
2017000293786,"REPORT WRITTEN (NO ARREST)","TELEPHONE OTHER, NOT 911",1,"ROBBERY - CRITICAL (INCLUDES STRONG ARM)","ROBBERY - STRONG ARM",2017-08-09,-122.28198512,47.61206168,"theft"
2017000288951,"NO POLICE ACTION POSSIBLE OR NECESSARY","911",1,"OVERDOSE","ASSIST OTHER AGENCY - CITY AGENCY",2017-08-06,-122.28198512,47.61206168,"drug"
2017000230260,"REPORT WRITTEN (NO ARREST)","TELEPHONE OTHER, NOT 911",3,"SUSPICIOUS PERSON, VEHICLE, OR INCIDENT","SUSPICIOUS CIRCUM. - SUSPICIOUS PERSON",2017-06-26,-122.28715965,47.61099714,"suspicious"
2017000212938,"ASSISTANCE RENDERED","911",2,"SUSPICIOUS PERSON, VEHICLE, OR INCIDENT","SUSPICIOUS CIRCUM. - SUSPICIOUS PERSON",2017-06-13,-122.28224625,47.61177635,"suspicious"
2017000209607,"REPORT WRITTEN (NO ARREST)","911",2,"THREATS (INCLS IN-PERSON/BY PHONE/IN WRITING)","ASSAULTS - HARASSMENT, THREATS",2017-06-11,-122.28302061,47.6119038,"disturbance"
2017000200565,"ASSISTANCE RENDERED","TELEPHONE OTHER, NOT 911",2,"DISTURBANCE","DISTURBANCE - OTHER",2017-06-05,-122.28198512,47.61206168,"disturbance"
2017000170083,"ASSISTANCE RENDERED","ONVIEW",7,"SUSPICIOUS STOP - OFFICER INITIATED ONVIEW","DISTURBANCE - OTHER",2017-05-14,-122.28198512,47.61206168,"suspicious"
2017000164620,"ASSISTANCE RENDERED","TELEPHONE OTHER, NOT 911",3,"DISTURBANCE","DISTURBANCE - OTHER",2017-05-10,-122.28198512,47.61206168,"disturbance"
2017000164244,"ASSISTANCE RENDERED","911",2,"TRAFFIC - BLOCKING ROADWAY","TRAFFIC - BLOCKING TRAFFIC",2017-05-10,-122.28198512,47.61206168,"traffic"
2017000163768,"REPORT WRITTEN (NO ARREST)","TELEPHONE OTHER, NOT 911",5,"TRU - THEFT","THEFT - CAR PROWL",2017-05-10,-122.28224625,47.61177635,"theft"
2017000159013,"UNABLE TO LOCATE INCIDENT OR COMPLAINANT","911",2,"HAZ - POTENTIAL THRT TO PHYS SAFETY","SUSPICIOUS CIRCUM. - SUSPICIOUS PERSON",2017-05-06,-122.28198512,47.61206168,"suspicious"
2017000156428,"UNABLE TO LOCATE INCIDENT OR COMPLAINANT","TELEPHONE OTHER, NOT 911",3,"SUSPICIOUS PERSON, VEHICLE, OR INCIDENT","SUSPICIOUS CIRCUM. - SUSPICIOUS PERSON",2017-05-04,-122.28302061,47.6119038,"suspicious"
2017000119689,"ASSISTANCE RENDERED","911",2,"TRESPASS","SUSPICIOUS CIRCUM. - SUSPICIOUS PERSON",2017-04-05,-122.28468983,47.60975947,"suspicious"
2017000096938,"REPORT WRITTEN (NO ARREST)","TELEPHONE OTHER, NOT 911",3,"AUTO THEFT - VEH THEFT OR THEFT AND RECOVERY","AUTOMOBILES - AUTO THEFT",2017-03-19,-122.28607748,47.60979756,"theft"
2017000074101,"ASSISTANCE RENDERED","TELEPHONE OTHER, NOT 911",3,"HARAS - NO BIAS OR THREATS","DISTURBANCE - OTHER",2017-03-01,-122.28484797,47.61100209,"disturbance"
2017000050113,"REPORT WRITTEN (NO ARREST)","911",2,"TRESPASS","PROWLER - TRESPASS",2017-02-10,-122.28411376,47.61150482,"suspicious"
2017000048794,"UNABLE TO LOCATE INCIDENT OR COMPLAINANT","911",2,"HAZ - POTENTIAL THRT TO PHYS SAFETY","DISTURBANCE - OTHER",2017-02-09,-122.28198512,47.61206168,"disturbance"
2016000445151,"UNABLE TO LOCATE INCIDENT OR COMPLAINANT","TELEPHONE OTHER, NOT 911",2,"DISTURBANCE","DISTURBANCE - OTHER",2016-12-11,-122.28198512,47.61206168,"disturbance"
2016000444153,"UNABLE TO LOCATE INCIDENT OR COMPLAINANT","911",1,"SHOTS HEARD - IN PROGRESS","DISTURBANCE - NOISE",2016-12-10,-122.28302061,47.6119038,"violence"
2016000411929,"REPORT WRITTEN (NO ARREST)","911",3,"AUTO THEFT - VEH THEFT OR THEFT AND RECOVERY","AUTOMOBILES - AUTO THEFT & RECOVERY",2016-11-14,-122.28715965,47.61099714,"theft"
2016000411748,"REPORT WRITTEN (NO ARREST)","911",3,"HARAS - NO BIAS OR THREATS","DISTURBANCE - OTHER",2016-11-14,-122.28410155,47.61205754,"disturbance"
2016000409941,"REPORT WRITTEN (NO ARREST)","TELEPHONE OTHER, NOT 911",3,"HARAS - NO BIAS OR THREATS","MISCHIEF OR NUISANCE - GENERAL",2016-11-12,-122.28410155,47.61205754,"disturbance"
2016000372608,"ASSISTANCE RENDERED","911",3,"SUSPICIOUS PERSON, VEHICLE, OR INCIDENT","SUSPICIOUS CIRCUM. - SUSPICIOUS PERSON",2016-10-14,-122.28603117,47.61210969,"suspicious"
2016000364439,"NO POLICE ACTION POSSIBLE OR NECESSARY","911",3,"DISTURBANCE","SUSPICIOUS CIRCUM. - SUSPICIOUS PERSON",2016-10-07,-122.28720549,47.60923274,"disturbance"
2016000351734,"REPORT WRITTEN (NO ARREST)","911",3,"SUSPICIOUS PERSON, VEHICLE, OR INCIDENT","SUSPICIOUS CIRCUM. - SUSPICIOUS PERSON",2016-09-28,-122.28410155,47.61205754,"suspicious"
2016000343031,"ASSISTANCE RENDERED","911",3,"SUSPICIOUS PERSON, VEHICLE, OR INCIDENT","SUSPICIOUS CIRCUM. - SUSPICIOUS PERSON",2016-09-21,-122.28198512,47.61206168,"suspicious"
2016000335181,"REPORT WRITTEN (NO ARREST)","ONVIEW",3,"THEFT (DOES NOT INCLUDE SHOPLIFT OR SVCS)","THEFT - CAR PROWL",2016-09-15,-122.28198512,47.61206168,"theft"
2016000329759,"REPORT WRITTEN (NO ARREST)","TELEPHONE OTHER, NOT 911",3,"AUTO THEFT - VEH THEFT OR THEFT AND RECOVERY","AUTOMOBILES - AUTO THEFT",2016-09-11,-122.28410155,47.61205754,"theft"
2016000281800,"REPORT WRITTEN (NO ARREST)","911",2,"ASLT - WITH OR W/O WPNS (NO SHOOTINGS)","ASSAULTS, OTHER",2016-08-05,-122.28410155,47.61205754,"violence"
2016000281418,"REPORT WRITTEN (NO ARREST)","TELEPHONE OTHER, NOT 911",3,"PROPERTY - DAMAGE","DISTURBANCE - OTHER",2016-08-05,-122.28410155,47.61205754,"prop.dmg"
2016000203207,"ASSISTANCE RENDERED","911",2,"HAZ - POTENTIAL THRT TO PHYS SAFETY","DISTURBANCE - OTHER",2016-06-08,-122.28344404,47.60745101,"disturbance"
2016000202467,"UNABLE TO LOCATE INCIDENT OR COMPLAINANT","911",3,"SUSPICIOUS PERSON, VEHICLE, OR INCIDENT","SUSPICIOUS CIRCUM. - SUSPICIOUS PERSON",2016-06-07,-122.28302061,47.6119038,"suspicious"
2016000194120,"ASSISTANCE RENDERED","TELEPHONE OTHER, NOT 911",3,"NUISANCE","DISTURBANCE - OTHER",2016-06-02,-122.28198512,47.61206168,"disturbance"
2016000193424,"ASSISTANCE RENDERED","911",2,"OBS - FIGHT - VERBAL/ORAL (NO WEAPONS)","DISTURBANCE - FIGHT",2016-06-01,-122.28198512,47.61206168,"disturbance"
2016000191349,"ASSISTANCE RENDERED","911",3,"DISTURBANCE","DISTURBANCE - OTHER",2016-05-31,-122.28198512,47.61206168,"disturbance"
2016000191023,"ASSISTANCE RENDERED","911",4,"NOISE - GENERAL","DISTURBANCE - NOISE",2016-05-31,-122.28198512,47.61206168,"disturbance"
2016000184779,"REPORT WRITTEN (NO ARREST)","911",2,"DISTURBANCE","DISTURBANCE - OTHER",2016-05-26,-122.28410155,47.61205754,"disturbance"
2016000177247,"UNABLE TO LOCATE INCIDENT OR COMPLAINANT","911",1,"SHOTS HEARD - IN PROGRESS","DISTURBANCE - OTHER",2016-05-20,-122.28302061,47.6119038,"violence"
2016000174262,"PHYSICAL ARREST MADE","911",1,"ASLT - CRITICAL (NO SHOOTINGS)","ASSAULTS, OTHER",2016-05-18,-122.2847205,47.61164609,"violence"
2016000173094,"ORAL WARNING GIVEN","ONVIEW",7,"SUSPICIOUS STOP - OFFICER INITIATED ONVIEW","PROWLER - TRESPASS",2016-05-17,-122.28344404,47.60745101,"suspicious"
2016000162041,"REPORT WRITTEN (NO ARREST)","ONVIEW",3,"DISTURBANCE","CRISIS COMPLAINT - GENERAL",2016-05-09,-122.28198512,47.61206168,"disturbance"
2016000161488,"REPORT WRITTEN (NO ARREST)","TELEPHONE OTHER, NOT 911",3,"AUTO - THEFT/LOSS OF PLATES","THEFT - AUTO ACCESSORIES",2016-05-09,-122.28605121,47.61068396,"theft"
2016000160455,"REPORT WRITTEN (NO ARREST)","TELEPHONE OTHER, NOT 911",5,"TRU - HARASSMENT","ASSAULTS - HARASSMENT, THREATS",2016-05-08,-122.28410155,47.61205754,"disturbance"
2016000159899,"ASSISTANCE RENDERED","911",3,"SUSPICIOUS PERSON, VEHICLE, OR INCIDENT","DISTURBANCE - NOISE",2016-05-08,-122.28715965,47.61099714,"suspicious"
2016000150640,"REPORT WRITTEN (NO ARREST)","ONVIEW",3,"ASLT - WITH OR W/O WPNS (NO SHOOTINGS)","ASSAULTS, OTHER",2016-05-01,-122.28348568,47.61233382,"violence"
2016000150584,"ASSISTANCE RENDERED","TELEPHONE OTHER, NOT 911",3,"PROPERTY - DAMAGE","PROPERTY DEST (DAMG)",2016-05-01,-122.28302061,47.6119038,"prop.dmg"
2016000150532,"REPORT WRITTEN (NO ARREST)","911",3,"PROPERTY - DAMAGE","PROPERTY DEST (DAMG)",2016-05-01,-122.28302061,47.6119038,"prop.dmg"
2016000148758,"DUPLICATED OR CANCELLED BY RADIO","ONVIEW",7,"SUSPICIOUS STOP - OFFICER INITIATED ONVIEW","SUSPICIOUS STOP - OFFICER INITIATED ONVIEW",2016-04-29,-122.28348568,47.61233382,"suspicious"
2016000148542,"REPORT WRITTEN (NO ARREST)","TELEPHONE OTHER, NOT 911",3,"PROPERTY - DAMAGE","ASSAULTS - HARASSMENT, THREATS",2016-04-29,-122.28411376,47.61150482,"prop.dmg"
2016000147356,"ASSISTANCE RENDERED","TELEPHONE OTHER, NOT 911",3,"DISTURBANCE","DISTURBANCE - OTHER",2016-04-28,-122.28410155,47.61205754,"disturbance"
2016000147153,"REPORT WRITTEN (NO ARREST)","TELEPHONE OTHER, NOT 911",3,"PROPERTY - DAMAGE","PROPERTY DEST (DAMG)",2016-04-28,-122.28410155,47.61205754,"prop.dmg"
2016000144578,"ASSISTANCE RENDERED","911",3,"SUSPICIOUS PERSON, VEHICLE, OR INCIDENT","DISTURBANCE - OTHER",2016-04-26,-122.28603117,47.61210969,"suspicious"
2016000134520,"ASSISTANCE RENDERED","911",2,"TRAFFIC - BLOCKING ROADWAY","TRAFFIC - BLOCKING TRAFFIC",2016-04-19,-122.28535162,47.61146516,"traffic"
2016000123123,"ASSISTANCE RENDERED","911",2,"TRAFFIC - BLOCKING ROADWAY","ASSIST PUBLIC - OTHER (NON-SPECIFIED)",2016-04-09,-122.28575558,47.60916912,"traffic"
2016000117064,"REPORT WRITTEN (NO ARREST)","TELEPHONE OTHER, NOT 911",3,"AUTO THEFT - VEH THEFT OR THEFT AND RECOVERY","AUTOMOBILES - AUTO THEFT",2016-04-05,-122.28605121,47.61068396,"theft"
2016000108964,"ASSISTANCE RENDERED","911",2,"SUSPICIOUS PERSON, VEHICLE, OR INCIDENT","SUSPICIOUS CIRCUM. - SUSPICIOUS PERSON",2016-03-30,-122.28302061,47.6119038,"suspicious"
2016000096335,"REPORT WRITTEN (NO ARREST)","TELEPHONE OTHER, NOT 911",2,"DISTURBANCE","DISTURBANCE - OTHER",2016-03-19,-122.28411376,47.61150482,"disturbance"
2016000083381,"REPORT WRITTEN (NO ARREST)","TELEPHONE OTHER, NOT 911",6,"OBS - SECONDARY - THEFT","THEFT - CAR PROWL",2016-03-09,-122.28715965,47.61099714,"theft"
2016000075814,"ASSISTANCE RENDERED","911",2,"HAZ - POTENTIAL THRT TO PHYS SAFETY","MISCHIEF OR NUISANCE - GENERAL",2016-03-03,-122.28535162,47.61146516,"disturbance"
2016000069554,"UNABLE TO LOCATE INCIDENT OR COMPLAINANT","TELEPHONE OTHER, NOT 911",2,"NARCOTICS - VIOLATIONS (LOITER, USE, SELL, NARS)","SUSPICIOUS CIRCUM. - SUSPICIOUS PERSON",2016-02-26,-122.28715965,47.61099714,"drug"
2016000055491,"UNABLE TO LOCATE INCIDENT OR COMPLAINANT","TELEPHONE OTHER, NOT 911",3,"DISTURBANCE","TRAFFIC - PARKING VIOL (EXCEPT ABANDONED CAR)",2016-02-15,-122.28198512,47.61206168,"disturbance"
2016000040172,"ASSISTANCE RENDERED","TELEPHONE OTHER, NOT 911",3,"SUSPICIOUS PERSON, VEHICLE, OR INCIDENT","SUSPICIOUS CIRCUM. - SUSPICIOUS PERSON",2016-02-03,-122.28466559,47.61036119,"suspicious"
2016000039673,"ASSISTANCE RENDERED","TELEPHONE OTHER, NOT 911",3,"THEFT (DOES NOT INCLUDE SHOPLIFT OR SVCS)","DISTURBANCE - OTHER",2016-02-02,-122.28224625,47.61177635,"theft"
2016000026293,"ASSISTANCE RENDERED","TELEPHONE OTHER, NOT 911",3,"PROPERTY - DAMAGE","ASSIST PUBLIC - OTHER (NON-SPECIFIED)",2016-01-22,-122.28410155,47.61205754,"prop.dmg"
2016000022876,"UNABLE TO LOCATE INCIDENT OR COMPLAINANT","TELEPHONE OTHER, NOT 911",3,"ASLT - WITH OR W/O WPNS (NO SHOOTINGS)","ASSAULTS, OTHER",2016-01-20,-122.28410155,47.61205754,"violence"
2016000013991,"UNABLE TO LOCATE INCIDENT OR COMPLAINANT","TELEPHONE OTHER, NOT 911",3,"PARKING VIOLATION (EXCEPT ABANDONED CAR)","TRAFFIC - PARKING VIOL (EXCEPT ABANDONED CAR)",2016-01-12,-122.28659251,47.61159813,"traffic"
2016000005440,"ORAL WARNING GIVEN","ONVIEW",7,"SUSPICIOUS STOP - OFFICER INITIATED ONVIEW","PROWLER - TRESPASS",2016-01-06,-122.28344404,47.60745101,"suspicious"
2015000418577,"REPORT WRITTEN (NO ARREST)","911",2,"SUSPICIOUS PERSON, VEHICLE, OR INCIDENT","SUSPICIOUS CIRCUM. - SUSPICIOUS PERSON",2015-12-02,-122.28603117,47.61210969,"suspicious"
2015000409173,"REPORT WRITTEN (NO ARREST)","911",3,"PROPERTY - DAMAGE","DISTURBANCE - OTHER",2015-11-23,-122.28411376,47.61150482,"prop.dmg"
2015000401665,"REPORT WRITTEN (NO ARREST)","TELEPHONE OTHER, NOT 911",5,"TRU - THEFT","THEFT - CAR PROWL",2015-11-17,-122.2865561,47.61119645,"theft"
2015000401547,"REPORT WRITTEN (NO ARREST)","TELEPHONE OTHER, NOT 911",5,"TRU - THEFT","THEFT - CAR PROWL",2015-11-17,-122.2865561,47.61119645,"theft"
2015000385133,"REPORT WRITTEN (NO ARREST)","TELEPHONE OTHER, NOT 911",3,"THEFT (DOES NOT INCLUDE SHOPLIFT OR SVCS)","THEFT - CAR PROWL",2015-11-03,-122.28302061,47.6119038,"theft"
2015000371417,"REPORT WRITTEN (NO ARREST)","TELEPHONE OTHER, NOT 911",6,"OBS - SECONDARY - THEFT","THEFT - CAR PROWL",2015-10-23,-122.28720549,47.60923274,"theft"
2015000365592,"REPORT WRITTEN (NO ARREST)","TELEPHONE OTHER, NOT 911",3,"THEFT (DOES NOT INCLUDE SHOPLIFT OR SVCS)","THEFT - CAR PROWL",2015-10-19,-122.28712634,47.6122376,"theft"
2015000362469,"ASSISTANCE RENDERED","TELEPHONE OTHER, NOT 911",5,"TRU - THEFT","THEFT - CAR PROWL",2015-10-16,-122.28603117,47.61210969,"theft"
2015000359438,"REPORT WRITTEN (NO ARREST)","TELEPHONE OTHER, NOT 911",3,"ASLT - WITH OR W/O WPNS (NO SHOOTINGS)","ASSAULTS, OTHER",2015-10-14,-122.28410155,47.61205754,"violence"
2015000358018,"UNABLE TO LOCATE INCIDENT OR COMPLAINANT","911",3,"ASLT - WITH OR W/O WPNS (NO SHOOTINGS)","ASSAULTS, OTHER",2015-10-13,-122.28410155,47.61205754,"violence"
2015000357783,"REPORT WRITTEN (NO ARREST)","911",3,"THEFT (DOES NOT INCLUDE SHOPLIFT OR SVCS)","THEFT - ALL OTHER",2015-10-12,-122.28715965,47.61099714,"theft"
2015000357231,"ASSISTANCE RENDERED","911",3,"HARAS - NO BIAS OR THREATS","DISTURBANCE - OTHER",2015-10-12,-122.28411376,47.61150482,"disturbance"
2015000342002,"REPORT WRITTEN (NO ARREST)","911",3,"HARAS - NO BIAS OR THREATS","DISTURBANCE - OTHER",2015-09-30,-122.28411376,47.61150482,"disturbance"
2015000312108,"ASSISTANCE RENDERED","911",1,"SHOTS HEARD - IN PROGRESS","DISTURBANCE - OTHER",2015-09-05,-122.28302061,47.6119038,"violence"
2015000308724,"REPORT WRITTEN (NO ARREST)","911",3,"HARAS - NO BIAS OR THREATS","DISTURBANCE - OTHER",2015-09-03,-122.28410155,47.61205754,"disturbance"
2015000288562,"ASSISTANCE RENDERED","911",3,"SUSPICIOUS PERSON, VEHICLE, OR INCIDENT","DISTURBANCE - NOISE",2015-08-19,-122.28720549,47.60923274,"suspicious"
2015000266181,"UNABLE TO LOCATE INCIDENT OR COMPLAINANT","911",4,"PARKING VIOLATION (EXCEPT ABANDONED CAR)","TRAFFIC - PARKING VIOL (EXCEPT ABANDONED CAR)",2015-08-02,-122.28198512,47.61206168,"traffic"
2015000257592,"REPORT WRITTEN (NO ARREST)","TELEPHONE OTHER, NOT 911",6,"OBS - SECONDARY - THEFT","THEFT - CAR PROWL",2015-07-27,-122.28302061,47.6119038,"theft"
2015000241544,"REPORT WRITTEN (NO ARREST)","911",5,"TRU - THEFT","THEFT - ALL OTHER",2015-07-14,-122.28655609,47.61119645,"theft"
2015000240110,"REPORT WRITTEN (NO ARREST)","911",3,"HARAS - NO BIAS OR THREATS","DISTURBANCE - OTHER",2015-07-13,-122.28410155,47.61205754,"disturbance"
2015000217057,"UNABLE TO LOCATE INCIDENT OR COMPLAINANT","911",2,"PERSON IN BEHAVIORAL/EMOTIONAL CRISIS","SUSPICIOUS CIRCUM. - SUSPICIOUS PERSON",2015-06-27,-122.28302061,47.6119038,"disturbance"
2015000215806,"UNABLE TO LOCATE INCIDENT OR COMPLAINANT","TELEPHONE OTHER, NOT 911",3,"DISTURBANCE","DISTURBANCE - OTHER",2015-06-26,-122.28535162,47.61146516,"disturbance"
2015000192332,"REPORT WRITTEN (NO ARREST)","911",2,"THEFT (DOES NOT INCLUDE SHOPLIFT OR SVCS)","THEFT - CAR PROWL",2015-06-09,-122.28224625,47.61177635,"theft"
2015000154743,"ASSISTANCE RENDERED","TELEPHONE OTHER, NOT 911",2,"NARCOTICS - VIOLATIONS (LOITER, USE, SELL, NARS)","SUSPICIOUS CIRCUM. - SUSPICIOUS PERSON",2015-05-11,-122.28717553,47.61038711,"drug"
2015000148861,"REPORT WRITTEN (NO ARREST)","911",3,"DISTURBANCE","DISTURBANCE - OTHER",2015-05-07,-122.28410155,47.61205754,"disturbance"
2015000131193,"REPORT WRITTEN (NO ARREST)","911",1,"ASLT - CRITICAL (NO SHOOTINGS)","ASSAULTS, OTHER",2015-04-22,-122.28410155,47.61205754,"violence"
2015000119791,"ASSISTANCE RENDERED","911",3,"DISTURBANCE","DISTURBANCE - OTHER",2015-04-12,-122.28410155,47.61205754,"disturbance"
2015000106520,"ASSISTANCE RENDERED","911",2,"HAZ - POTENTIAL THRT TO PHYS SAFETY","DISTURBANCE - OTHER",2015-04-01,-122.28198512,47.61206168,"disturbance"
2015000100899,"REPORT WRITTEN (NO ARREST)","911",3,"HARAS - NO BIAS OR THREATS","DISTURBANCE - OTHER",2015-03-28,-122.28410155,47.61205754,"disturbance"
2015000085314,"REPORT WRITTEN (NO ARREST)","911",3,"DISTURBANCE","CRISIS COMPLAINT - GENERAL",2015-03-15,-122.28302061,47.6119038,"disturbance"
2015000072188,"UNABLE TO LOCATE INCIDENT OR COMPLAINANT","TELEPHONE OTHER, NOT 911",5,"TRU - THEFT","THEFT - CAR PROWL",2015-03-04,-122.28302061,47.6119038,"theft"
2015000053621,"REPORT WRITTEN (NO ARREST)","TELEPHONE OTHER, NOT 911",3,"PROPERTY - DAMAGE","PROPERTY DEST (DAMG)",2015-02-16,-122.28410155,47.61205754,"prop.dmg"
2014000429049,"ASSISTANCE RENDERED","911",3,"SUSPICIOUS PERSON, VEHICLE, OR INCIDENT","SUSPICIOUS CIRCUM. - SUSPICIOUS PERSON",2014-12-29,-122.28484797,47.61100209,"suspicious"
2014000417603,"REPORT WRITTEN (NO ARREST)","911",3,"DISTURBANCE","DISTURBANCE - OTHER",2014-12-18,-122.28410155,47.61205754,"disturbance"
2014000417105,"REPORT WRITTEN (NO ARREST)","911",1,"ASLT - CRITICAL (NO SHOOTINGS)","ASSAULTS, OTHER",2014-12-17,-122.28350391,47.61149871,"violence"
2014000394777,"REPORT WRITTEN (NO ARREST)","911",3,"DISTURBANCE","DISTURBANCE - OTHER",2014-11-26,-122.28411376,47.61150482,"disturbance"
2014000384050,"REPORT WRITTEN (NO ARREST)","911",6,"OBS - SECONDARY - THEFT","THEFT - CAR PROWL",2014-11-16,-122.28714376,47.61160717,"theft"
2014000374296,"ASSISTANCE RENDERED","911",3,"DISTURBANCE","MISCHIEF OR NUISANCE - GENERAL",2014-11-08,-122.28410155,47.61205754,"disturbance"
2014000371925,"ASSISTANCE RENDERED","911",3,"HARAS - NO BIAS OR THREATS","DISTURBANCE - OTHER",2014-11-06,-122.28410155,47.61205754,"disturbance"
2014000370366,"ASSISTANCE RENDERED","911",3,"DISTURBANCE","DISTURBANCE - OTHER",2014-11-05,-122.28411376,47.61150482,"disturbance"
2014000356834,"ASSISTANCE RENDERED","911",2,"SUSPICIOUS PERSON, VEHICLE, OR INCIDENT","SUSPICIOUS CIRCUM. - SUSPICIOUS PERSON",2014-10-25,-122.28501219,47.61036516,"suspicious"
2014000352041,"ASSISTANCE RENDERED","911",3,"SUSPICIOUS PERSON, VEHICLE, OR INCIDENT","SUSPICIOUS CIRCUM. - SUSPICIOUS PERSON",2014-10-21,-122.28198512,47.61206168,"suspicious"
2014000337739,"REPORT WRITTEN (NO ARREST)","911",3,"HARAS - NO BIAS OR THREATS","DISTURBANCE - OTHER",2014-10-09,-122.28410155,47.61205754,"disturbance"
2014000337232,"NO POLICE ACTION POSSIBLE OR NECESSARY","911",3,"HARAS - NO BIAS OR THREATS","DISTURBANCE - OTHER",2014-10-08,-122.28411376,47.61150482,"disturbance"
2014000329076,"ASSISTANCE RENDERED","911",3,"SUSPICIOUS PERSON, VEHICLE, OR INCIDENT","SUSPICIOUS CIRCUM. - SUSPICIOUS PERSON",2014-10-02,-122.28410153,47.61205754,"suspicious"
2014000312490,"REPORT WRITTEN (NO ARREST)","911",3,"HARAS - NO BIAS OR THREATS","DISTURBANCE - OTHER",2014-09-18,-122.28411376,47.61150482,"disturbance"
2014000306330,"ASSISTANCE RENDERED","TELEPHONE OTHER, NOT 911",3,"NUISANCE","MISCHIEF OR NUISANCE - GENERAL",2014-09-13,-122.28198512,47.61206168,"disturbance"
2014000300078,"REPORT WRITTEN (NO ARREST)","911",3,"HARAS - NO BIAS OR THREATS","DISTURBANCE - OTHER",2014-09-08,-122.28410155,47.61205754,"disturbance"
2014000293418,"ASSISTANCE RENDERED","911",2,"LEWD -  (EXPOSING, FLASHING)","DISTURBANCE - OTHER",2014-09-02,-122.28198512,47.61206168,"lewd"
2014000281786,"ASSISTANCE RENDERED","911",3,"OBS - NOISE - DISTURBANCE (PARTY, ETC)","DISTURBANCE - NOISE",2014-08-24,-122.28302061,47.6119038,"disturbance"
2014000274943,"NO POLICE ACTION POSSIBLE OR NECESSARY","TELEPHONE OTHER, NOT 911",3,"PROPERTY - DAMAGE","PROPERTY DEST (DAMG)",2014-08-18,-122.28410155,47.61205754,"prop.dmg"
2014000272558,"ASSISTANCE RENDERED","911",1,"ASLT - CRITICAL (NO SHOOTINGS)","DISTURBANCE - OTHER",2014-08-16,-122.28198512,47.61206168,"violence"
2014000271527,"ASSISTANCE RENDERED","911",4,"NOISE - GENERAL","DISTURBANCE - NOISE",2014-08-16,-122.28410153,47.61205754,"disturbance"
2014000266562,"REPORT WRITTEN (NO ARREST)","911",3,"HARAS - NO BIAS OR THREATS","DISTURBANCE - OTHER",2014-08-12,-122.28410155,47.61205754,"disturbance"
2014000265032,"UNABLE TO LOCATE INCIDENT OR COMPLAINANT","911",1,"SHOTS HEARD - IN PROGRESS","SUSPICIOUS CIRCUM. - SUSPICIOUS PERSON",2014-08-10,-122.28468983,47.60975947,"violence"
2014000264293,"REPORT WRITTEN (NO ARREST)","911",3,"HARAS - NO BIAS OR THREATS","ASSAULTS - HARASSMENT, THREATS",2014-08-10,-122.28410155,47.61205754,"disturbance"
2014000261659,"REPORT WRITTEN (NO ARREST)","911",3,"HARAS - NO BIAS OR THREATS","ASSAULTS - HARASSMENT, THREATS",2014-08-08,-122.28410155,47.61205754,"disturbance"
2014000261006,"REPORT WRITTEN (NO ARREST)","911",2,"THEFT (DOES NOT INCLUDE SHOPLIFT OR SVCS)","THEFT - CAR PROWL",2014-08-07,-122.28198512,47.61206168,"theft"
2014000258744,"RESPONDING UNIT(S) CANCELLED BY RADIO","911",2,"SUSPICIOUS PERSON, VEHICLE, OR INCIDENT","SUSPICIOUS CIRCUM. - SUSPICIOUS PERSON",2014-08-05,-122.28607748,47.60979756,"suspicious"
2014000252350,"REPORT WRITTEN (NO ARREST)","911",3,"THEFT (DOES NOT INCLUDE SHOPLIFT OR SVCS)","THEFT - CAR PROWL",2014-08-01,-122.28719052,47.60980993,"theft"
2014000250317,"REPORT WRITTEN (NO ARREST)","TELEPHONE OTHER, NOT 911",3,"ASLT - WITH OR W/O WPNS (NO SHOOTINGS)","ASSAULTS, OTHER",2014-07-30,-122.28603117,47.61210969,"violence"
2014000234791,"REPORT WRITTEN (NO ARREST)","911",3,"ASLT - WITH OR W/O WPNS (NO SHOOTINGS)","ASSAULTS, OTHER",2014-07-18,-122.28410155,47.61205754,"violence"
2014000215569,"OTHER REPORT MADE","911",3,"PARKING VIOLATION (EXCEPT ABANDONED CAR)","TRAFFIC - PARKING VIOL (EXCEPT ABANDONED CAR)",2014-07-04,-122.28719052,47.60980993,"traffic"
2014000186536,"ASSISTANCE RENDERED","911",2,"SUSPICIOUS PERSON, VEHICLE, OR INCIDENT","SUSPICIOUS CIRCUM. - SUSPICIOUS PERSON",2014-06-12,-122.28250736,47.61149102,"suspicious"
2014000154216,"ASSISTANCE RENDERED","911",3,"NUISANCE","DISTURBANCE - OTHER",2014-05-17,-122.28350391,47.61149871,"disturbance"
2014000109487,"ASSISTANCE RENDERED","TELEPHONE OTHER, NOT 911",3,"HARAS - NO BIAS OR THREATS","DISTURBANCE - OTHER",2014-04-10,-122.28411376,47.61150482,"disturbance"
2014000109136,"REPORT WRITTEN (NO ARREST)","911",3,"HARAS - NO BIAS OR THREATS","DISTURBANCE - OTHER",2014-04-10,-122.28410155,47.61205754,"disturbance"
2014000096352,"REPORT WRITTEN (NO ARREST)","911",3,"PROPERTY - DAMAGE","PROPERTY DEST (DAMG) - GRAFFITI (INCLUDES GANG)",2014-03-30,-122.28715965,47.61099714,"prop.dmg"
2014000086294,"ASSISTANCE RENDERED","911",3,"PROPERTY - DAMAGE","PROPERTY DEST (DAMG)",2014-03-21,-122.28468983,47.60975947,"prop.dmg"
2014000077462,"REPORT WRITTEN (NO ARREST)","911",3,"DISTURBANCE","DISTURBANCE - OTHER",2014-03-13,-122.28411376,47.61150482,"disturbance"
2014000054167,"UNABLE TO LOCATE INCIDENT OR COMPLAINANT","911",2,"SUSPICIOUS PERSON, VEHICLE, OR INCIDENT","SUSPICIOUS CIRCUM. - SUSPICIOUS PERSON",2014-02-19,-122.28715965,47.61099714,"suspicious"
2014000045100,"REPORT WRITTEN (NO ARREST)","911",3,"SUSPICIOUS PERSON, VEHICLE, OR INCIDENT","DISTURBANCE - OTHER",2014-02-11,-122.28410155,47.61205754,"suspicious"
2014000043956,"REPORT WRITTEN (NO ARREST)","TELEPHONE OTHER, NOT 911",5,"TRU - THEFT","THEFT - CAR PROWL",2014-02-10,-122.28302061,47.6119038,"theft"
2014000043240,"ASSISTANCE RENDERED","911",2,"THEFT (DOES NOT INCLUDE SHOPLIFT OR SVCS)","THEFT - CAR PROWL",2014-02-09,-122.28198512,47.61206168,"theft"
2014000040552,"REPORT WRITTEN (NO ARREST)","911",3,"HARAS - NO BIAS OR THREATS","DISTURBANCE - OTHER",2014-02-06,-122.28410155,47.61205754,"disturbance"
2014000023384,"REPORT WRITTEN (NO ARREST)","911",3,"DISTURBANCE","MISCHIEF OR NUISANCE - GENERAL",2014-01-22,-122.28411376,47.61150482,"disturbance"
2014000022414,"REPORT WRITTEN (NO ARREST)","911",2,"THREATS (INCLS IN-PERSON/BY PHONE/IN WRITING)","ASSAULTS, OTHER",2014-01-21,-122.28410155,47.61205754,"disturbance"
2014000010073,"ASSISTANCE RENDERED","911",1,"OBS - PROWLER - IP/JO","SUSPICIOUS CIRCUM. - SUSPICIOUS PERSON",2014-01-10,-122.28410155,47.61205754,"disturbance"
2013000448065,"ASSISTANCE RENDERED","911",1,"UNKNOWN - COMPLAINT OF UNKNOWN NATURE","INTOX & LIQ VIOLS - INTOXICATED PERSON",2013-12-15,-122.28198512,47.61206168,"disturbance"
2013000443823,"ASSISTANCE RENDERED","911",3,"NUISANCE","DISTURBANCE - OTHER",2013-12-11,-122.28411376,47.61150482,"disturbance"
2013000442581,"REPORT WRITTEN (NO ARREST)","911",3,"DISTURBANCE","DISTURBANCE - OTHER",2013-12-10,-122.28411376,47.61150482,"disturbance"
2013000426524,"FALSE COMPLAINT/UNFOUNDED","911",4,"NOISE - GENERAL","DISTURBANCE - NOISE",2013-11-25,-122.28501219,47.61036516,"disturbance"
2013000424327,"ASSISTANCE RENDERED","911",3,"SUSPICIOUS PERSON, VEHICLE, OR INCIDENT","ASSIST PUBLIC - OTHER (NON-SPECIFIED)",2013-11-23,-122.28224625,47.61177635,"suspicious"
2013000410687,"REPORT WRITTEN (NO ARREST)","911",3,"PROPERTY - DAMAGE","PROPERTY DEST (DAMG)",2013-11-12,-122.28224625,47.61177635,"prop.dmg"
2013000407398,"ASSISTANCE RENDERED","TELEPHONE OTHER, NOT 911",3,"SUSPICIOUS PERSON, VEHICLE, OR INCIDENT","SUSPICIOUS CIRCUM. - SUSPICIOUS PERSON",2013-11-09,-122.28631637,47.61037728,"suspicious"
2013000389977,"NO POLICE ACTION POSSIBLE OR NECESSARY","911",3,"SUSPICIOUS PERSON, VEHICLE, OR INCIDENT","SUSPICIOUS CIRCUM. - SUSPICIOUS PERSON",2013-10-27,-122.28712634,47.6122376,"suspicious"
2013000380588,"ASSISTANCE RENDERED","TELEPHONE OTHER, NOT 911",4,"NOISE - GENERAL","DISTURBANCE - NOISE",2013-10-19,-122.28198512,47.61206168,"disturbance"
2013000354421,"NO POLICE ACTION POSSIBLE OR NECESSARY","TELEPHONE OTHER, NOT 911",3,"PROPERTY - DAMAGE","ASSIST OTHER AGENCY - CITY AGENCY",2013-09-29,-122.28603117,47.61210969,"prop.dmg"
2013000335134,"REPORT WRITTEN (NO ARREST)","911",3,"THEFT (DOES NOT INCLUDE SHOPLIFT OR SVCS)","THEFT - CAR PROWL",2013-09-14,-122.28607748,47.60979756,"theft"
2013000333257,"ASSISTANCE RENDERED","TELEPHONE OTHER, NOT 911",4,"NOISE - GENERAL","DISTURBANCE - NOISE",2013-09-13,-122.28302061,47.6119038,"disturbance"
2013000297378,"ASSISTANCE RENDERED","911",2,"OBS - FIGHT - VERBAL/ORAL (NO WEAPONS)","SUSPICIOUS CIRCUM. - SUSPICIOUS PERSON",2013-08-17,-122.28466559,47.61036119,"disturbance"
2013000261418,"ASSISTANCE RENDERED","TELEPHONE OTHER, NOT 911",4,"NOISE - GENERAL","DISTURBANCE - NOISE",2013-07-23,-122.28224625,47.61177635,"disturbance"
2013000232688,"ASSISTANCE RENDERED","ONVIEW",7,"SUSPICIOUS STOP - OFFICER INITIATED ONVIEW","SUSPICIOUS CIRCUM. - SUSPICIOUS PERSON",2013-07-03,-122.28198512,47.61206168,"suspicious"
2013000223039,"ASSISTANCE RENDERED","TELEPHONE OTHER, NOT 911",2,"FIREWORKS (NO HAZARD)","ASSIST OTHER AGENCY - COUNTY AGENCY",2013-06-26,-122.28198512,47.61206168,"disturbance"
2013000207950,"REPORT WRITTEN (NO ARREST)","911",2,"OBS - FIGHT - VERBAL/ORAL (NO WEAPONS)","DISTURBANCE - OTHER",2013-06-15,-122.28410155,47.61205754,"disturbance"
2013000181981,"REPORT WRITTEN (NO ARREST)","TELEPHONE OTHER, NOT 911",5,"TRU - THEFT","THEFT - CAR PROWL",2013-05-29,-122.28603117,47.61210969,"theft"
2013000181780,"REPORT WRITTEN (NO ARREST)","TELEPHONE OTHER, NOT 911",6,"OBS - SECONDARY - THEFT","THEFT - CAR PROWL",2013-05-29,-122.28605121,47.61068396,"theft"
2013000132534,"ASSISTANCE RENDERED","911",2,"LEWD -  (EXPOSING, FLASHING)","SUSPICIOUS CIRCUM. - SUSPICIOUS PERSON",2013-04-20,-122.28198512,47.61206168,"lewd"
2013000117816,"ASSISTANCE RENDERED","911",2,"OBS - MENTAL - PERSON OR PICKUP/TRANSPORT","ASSIST PUBLIC - OTHER (NON-SPECIFIED)",2013-04-08,-122.28410155,47.61205754,"disturbance"
2013000112135,"REPORT WRITTEN (NO ARREST)","911",2,"ASLT - WITH OR W/O WPNS (NO SHOOTINGS)","DISTURBANCE - OTHER",2013-04-03,-122.28410155,47.61205754,"violence"
2013000107702,"UNABLE TO LOCATE INCIDENT OR COMPLAINANT","911",3,"SUSPICIOUS PERSON, VEHICLE, OR INCIDENT","SUSPICIOUS CIRCUM. - SUSPICIOUS PERSON",2013-03-31,-122.28484797,47.61100209,"suspicious"
2013000101694,"ASSISTANCE RENDERED","TELEPHONE OTHER, NOT 911",3,"DISTURBANCE","DISTURBANCE - OTHER",2013-03-26,-122.28198512,47.61206168,"disturbance"
2013000071035,"ASSISTANCE RENDERED","911",2,"THEFT (DOES NOT INCLUDE SHOPLIFT OR SVCS)","DISTURBANCE - OTHER",2013-03-02,-122.28198512,47.61206168,"theft"
2013000067189,"ASSISTANCE RENDERED","TELEPHONE OTHER, NOT 911",1,"PROPERTY - DAMAGE","ASSIST OTHER AGENCY - COUNTY AGENCY",2013-02-27,-122.28198512,47.61206168,"prop.dmg"
2013000057009,"ASSISTANCE RENDERED","911",2,"SUSPICIOUS PERSON, VEHICLE, OR INCIDENT","SUSPICIOUS CIRCUM. - SUSPICIOUS PERSON",2013-02-18,-122.28628788,47.60922285,"suspicious"
2013000056907,"ASSISTANCE RENDERED","911",3,"SUSPICIOUS PERSON, VEHICLE, OR INCIDENT","SUSPICIOUS CIRCUM. - SUSPICIOUS PERSON",2013-02-18,-122.28715965,47.61099714,"suspicious"
2013000051292,"ASSISTANCE RENDERED","TELEPHONE OTHER, NOT 911",3,"SUSPICIOUS PERSON, VEHICLE, OR INCIDENT","SUSPICIOUS CIRCUM. - SUSPICIOUS PERSON",2013-02-13,-122.28411376,47.61150482,"suspicious"
2013000051086,"ASSISTANCE RENDERED","911",2,"SUSPICIOUS PERSON, VEHICLE, OR INCIDENT","SUSPICIOUS CIRCUM. - SUSPICIOUS PERSON",2013-02-13,-122.28410155,47.61205754,"suspicious"
2013000038046,"FALSE COMPLAINT/UNFOUNDED","TELEPHONE OTHER, NOT 911",1,"UNKNOWN - ANI/ALI - WRLS PHNS (INCL OPEN LINE)","MISCHIEF OR NUISANCE - GENERAL",2013-02-02,-122.28410155,47.61205754,"disturbance"
2013000035344,"ASSISTANCE RENDERED","911",3,"SUSPICIOUS PERSON, VEHICLE, OR INCIDENT","SUSPICIOUS CIRCUM. - SUSPICIOUS PERSON",2013-01-31,-122.28198512,47.61206168,"suspicious"
2013000028146,"ASSISTANCE RENDERED","911",5,"TRU - HARASSMENT","DISTURBANCE - OTHER",2013-01-25,-122.2847205,47.61164609,"disturbance"
2013000019860,"ASSISTANCE RENDERED","ONVIEW",7,"SUSPICIOUS STOP - OFFICER INITIATED ONVIEW","SUSPICIOUS CIRCUM. - SUSPICIOUS PERSON",2013-01-17,-122.28224624,47.61177635,"suspicious"
2013000006298,"REPORT WRITTEN (NO ARREST)","TELEPHONE OTHER, NOT 911",3,"AUTO THEFT - VEH THEFT OR THEFT AND RECOVERY","AUTOMOBILES - AUTO THEFT",2013-01-06,-122.28607748,47.60979756,"theft"
2013000002898,"REPORT WRITTEN (NO ARREST)","911",1,"ASLT - CRITICAL (NO SHOOTINGS)","DISTURBANCE - FIGHT",2013-01-03,-122.28410155,47.61205754,"violence"
2013000002672,"REPORT WRITTEN (NO ARREST)","TELEPHONE OTHER, NOT 911",3,"PROPERTY - DAMAGE","PROPERTY DEST (DAMG)",2013-01-03,-122.28410155,47.61205754,"prop.dmg"
2012000425340,"ASSISTANCE RENDERED","911",2,"HAZ - POTENTIAL THRT TO PHYS SAFETY","SUSPICIOUS CIRCUM. - SUSPICIOUS PERSON",2012-12-13,-122.28198512,47.61206168,"suspicious"
2012000419324,"REPORT WRITTEN (NO ARREST)","TELEPHONE OTHER, NOT 911",3,"PROPERTY - DAMAGE","PROPERTY DEST (DAMG)",2012-12-08,-122.28410155,47.61205754,"prop.dmg"
2012000407728,"REPORT WRITTEN (NO ARREST)","TELEPHONE OTHER, NOT 911",2,"DISTURBANCE","DISTURBANCE - OTHER",2012-11-29,-122.28410155,47.61205754,"disturbance"
2012000380830,"ORAL WARNING GIVEN","TELEPHONE OTHER, NOT 911",3,"DISTURBANCE","DISTURBANCE - OTHER",2012-11-06,-122.28198512,47.61206168,"disturbance"
2012000374738,"ORAL WARNING GIVEN","911",3,"PARKING VIOLATION (EXCEPT ABANDONED CAR)","TRAFFIC - PARKING VIOL (EXCEPT ABANDONED CAR)",2012-11-01,-122.28411376,47.61150482,"traffic"
2012000328623,"REPORT WRITTEN (NO ARREST)","911",3,"AUTO THEFT - VEH THEFT OR THEFT AND RECOVERY","AUTOMOBILES - AUTO THEFT",2012-09-27,-122.28712634,47.6122376,"theft"
2012000328370,"ASSISTANCE RENDERED","911",3,"SUSPICIOUS PERSON, VEHICLE, OR INCIDENT","SUSPICIOUS CIRCUM. - SUSPICIOUS PERSON",2012-09-26,-122.28719052,47.60980993,"suspicious"
2012000313384,"ASSISTANCE RENDERED","911",3,"LIQUOR VIOLATIONS - ADULT","DISTURBANCE - OTHER",2012-09-16,-122.28715965,47.61099714,"disturbance"
2012000310465,"ORAL WARNING GIVEN","ONVIEW",7,"SUSPICIOUS STOP - OFFICER INITIATED ONVIEW","SUSPICIOUS CIRCUM. - SUSPICIOUS PERSON",2012-09-14,-122.28224624,47.61177635,"suspicious"
2012000281609,"REPORT WRITTEN (NO ARREST)","911",3,"DISTURBANCE","DISTURBANCE - OTHER",2012-08-23,-122.28410155,47.61205754,"disturbance"
2012000280098,"ASSISTANCE RENDERED","911",3,"PROPERTY - DAMAGE","DISTURBANCE - OTHER",2012-08-22,-122.28410155,47.61205754,"prop.dmg"
2012000275008,"ASSISTANCE RENDERED","911",3,"THEFT (DOES NOT INCLUDE SHOPLIFT OR SVCS)","ASSIST PUBLIC - OTHER (NON-SPECIFIED)",2012-08-18,-122.28302061,47.6119038,"theft"
2012000258949,"UNABLE TO LOCATE INCIDENT OR COMPLAINANT","911",3,"NUISANCE","MISCHIEF OR NUISANCE - GENERAL",2012-08-06,-122.28410155,47.61205754,"disturbance"
2012000243412,"REPORT WRITTEN (NO ARREST)","911",3,"PROPERTY - DAMAGE","PROPERTY DEST (DAMG)",2012-07-27,-122.28224625,47.61177635,"prop.dmg"
2012000216336,"REPORT WRITTEN (NO ARREST)","911",3,"DISTURBANCE","DISTURBANCE - OTHER",2012-07-07,-122.28302061,47.6119038,"disturbance"
2012000209813,"ASSISTANCE RENDERED","ONVIEW",7,"SUSPICIOUS STOP - OFFICER INITIATED ONVIEW","SUSPICIOUS CIRCUM. - SUSPICIOUS PERSON",2012-07-02,-122.28224624,47.61177635,"suspicious"
2012000185917,"NO POLICE ACTION POSSIBLE OR NECESSARY","911",3,"HARAS - NO BIAS OR THREATS","CRISIS COMPLAINT - GENERAL",2012-06-14,-122.28410155,47.61205754,"disturbance"
2012000185552,"UNABLE TO LOCATE INCIDENT OR COMPLAINANT","911",3,"HARAS - NO BIAS OR THREATS","CRISIS COMPLAINT - GENERAL",2012-06-14,-122.28410155,47.61205754,"disturbance"
2012000160602,"REPORT WRITTEN (NO ARREST)","911",1,"ASLT - CRITICAL (NO SHOOTINGS)","ASSAULTS, OTHER",2012-05-24,-122.28410155,47.61205754,"violence"
2012000150760,"NO POLICE ACTION POSSIBLE OR NECESSARY","911",3,"BIAS","SUSPICIOUS CIRCUM. - SUSPICIOUS PERSON",2012-05-16,-122.28410155,47.61205754,"disturbance"
2012000062473,"REPORT WRITTEN (NO ARREST)","TELEPHONE OTHER, NOT 911",3,"AUTO THEFT - VEH THEFT OR THEFT AND RECOVERY","AUTOMOBILES - AUTO THEFT & RECOVERY",2012-03-01,-122.28224625,47.61177635,"theft"
2012000055640,"ASSISTANCE RENDERED","911",3,"SUSPICIOUS PERSON, VEHICLE, OR INCIDENT","SUSPICIOUS CIRCUM. - SUSPICIOUS PERSON",2012-02-23,-122.28712634,47.6122376,"suspicious"
2012000030218,"ASSISTANCE RENDERED","911",3,"SUSPICIOUS PERSON, VEHICLE, OR INCIDENT","SUSPICIOUS CIRCUM. - SUSPICIOUS PERSON",2012-01-31,-122.28717553,47.61038711,"suspicious"
2012000006779,"UNABLE TO LOCATE INCIDENT OR COMPLAINANT","911",3,"SUSPICIOUS PERSON, VEHICLE, OR INCIDENT","CRISIS COMPLAINT - GENERAL",2012-01-07,-122.28603117,47.61210969,"suspicious"
2012000002361,"ASSISTANCE RENDERED","TELEPHONE OTHER, NOT 911",2,"LEWD -  (EXPOSING, FLASHING)","CRISIS COMPLAINT - GENERAL",2012-01-03,-122.28198512,47.61206168,"lewd"
2011000384946,"REPORT WRITTEN (NO ARREST)","911",6,"OBS - SECONDARY - THEFT","THEFT - CAR PROWL",2011-11-29,-122.28410155,47.61205754,"theft"
2011000376313,"ASSISTANCE RENDERED","911",2,"HAZ - POTENTIAL THRT TO PHYS SAFETY","SUSPICIOUS CIRCUM. - SUSPICIOUS PERSON",2011-11-20,-122.28198512,47.61206168,"suspicious"
2011000374781,"ASSISTANCE RENDERED","TELEPHONE OTHER, NOT 911",3,"SUSPICIOUS PERSON, VEHICLE, OR INCIDENT","ASSIST OTHER AGENCY - CITY AGENCY",2011-11-19,-122.28715965,47.61099714,"suspicious"
2011000353089,"ASSISTANCE RENDERED","911",1,"OBS - PROWLER - IP/JO","SUSPICIOUS CIRCUM. - SUSPICIOUS PERSON",2011-10-29,-122.28348568,47.61233382,"disturbance"
2011000343902,"ORAL WARNING GIVEN","ONVIEW",7,"SUSPICIOUS STOP - OFFICER INITIATED ONVIEW","SUSPICIOUS CIRCUM. - SUSPICIOUS PERSON",2011-10-21,-122.28198512,47.61206168,"suspicious"
2011000327996,"ASSISTANCE RENDERED","ONVIEW",2,"TRAFFIC - BLOCKING ROADWAY","TRAFFIC - BLOCKING TRAFFIC",2011-10-06,-122.28198512,47.61206168,"traffic"
2011000312254,"ASSISTANCE RENDERED","TELEPHONE OTHER, NOT 911",3,"THEFT (DOES NOT INCLUDE SHOPLIFT OR SVCS)","PROPERTY - MISSING PROPERTY",2011-09-22,-122.28224625,47.61177635,"theft"
2011000296448,"REPORT WRITTEN (NO ARREST)","911",3,"PROPERTY - DAMAGE","PROPERTY DEST (DAMG)",2011-09-08,-122.28410155,47.61205754,"prop.dmg"
2011000288329,"ASSISTANCE RENDERED","911",5,"TRU - PROPERTY DESTRUCTION/DAMAGE","ASSIST PUBLIC - OTHER (NON-SPECIFIED)",2011-09-01,-122.28411376,47.61150482,"prop.dmg"
2011000274989,"ASSISTANCE RENDERED","911",4,"PARKING VIOLATION (EXCEPT ABANDONED CAR)","TRAFFIC - PARKING VIOL (EXCEPT ABANDONED CAR)",2011-08-21,-122.28302061,47.6119038,"traffic"
2011000245117,"REPORT WRITTEN (NO ARREST)","TELEPHONE OTHER, NOT 911",5,"TRU - THEFT","THEFT - CAR PROWL",2011-07-28,-122.2847205,47.61164609,"theft"
2011000245010,"ASSISTANCE RENDERED","TELEPHONE OTHER, NOT 911",6,"OBS - SECONDARY - THEFT","THEFT - CAR PROWL",2011-07-28,-122.2847205,47.61164609,"theft"
2011000239885,"ASSISTANCE RENDERED","911",3,"PARKS VIOLATIONS/CITES (INCLUDES EXCLUSIONS)","MISC MISD AND VIOLS - RECKLESS ENDANGERMENT",2011-07-24,-122.28224625,47.61177635,"disturbance"
2011000239466,"ASSISTANCE RENDERED","TELEPHONE OTHER, NOT 911",2,"HAZ - POTENTIAL THRT TO PHYS SAFETY","CRISIS COMPLAINT - GENERAL",2011-07-23,-122.28198512,47.61206168,"disturbance"
2011000221499,"ASSISTANCE RENDERED","911",3,"PARKING VIOLATION (EXCEPT ABANDONED CAR)","TRAFFIC - PARKING VIOL (EXCEPT ABANDONED CAR)",2011-07-08,-122.28410155,47.61205754,"traffic"
2011000204815,"ASSISTANCE RENDERED","911",2,"SUSPICIOUS PERSON, VEHICLE, OR INCIDENT","SUSPICIOUS CIRCUM. - SUSPICIOUS PERSON",2011-06-25,-122.28609484,47.60922076,"suspicious"
2011000202281,"ASSISTANCE RENDERED","TELEPHONE OTHER, NOT 911",3,"SUSPICIOUS PERSON, VEHICLE, OR INCIDENT","SUSPICIOUS CIRCUM. - SUSPICIOUS PERSON",2011-06-23,-122.28715965,47.61099714,"suspicious"
2011000201753,"REPORT WRITTEN (NO ARREST)","TELEPHONE OTHER, NOT 911",3,"THEFT (DOES NOT INCLUDE SHOPLIFT OR SVCS)","THEFT - CAR PROWL",2011-06-23,-122.28607748,47.60979756,"theft"
2011000196089,"NO POLICE ACTION POSSIBLE OR NECESSARY","911",2,"DISTURBANCE","DISTURBANCE - JUVENILE",2011-06-18,-122.28535162,47.61146516,"disturbance"
2011000188150,"REPORT WRITTEN (NO ARREST)","TELEPHONE OTHER, NOT 911",3,"THEFT (DOES NOT INCLUDE SHOPLIFT OR SVCS)","THEFT - AUTO ACCESSORIES",2011-06-12,-122.28719052,47.60980993,"theft"
2011000139688,"REPORT WRITTEN (NO ARREST)","TELEPHONE OTHER, NOT 911",5,"TRU - THEFT","THEFT - CAR PROWL",2011-05-02,-122.28719052,47.60980993,"theft"
2011000136893,"ASSISTANCE RENDERED","911",2,"OBS - FIGHT - VERBAL/ORAL (NO WEAPONS)","DISTURBANCE - NOISE",2011-04-30,-122.28198512,47.61206168,"disturbance"
2011000115779,"ASSISTANCE RENDERED","911",2,"SUSPICIOUS PERSON, VEHICLE, OR INCIDENT","SUSPICIOUS CIRCUM. - SUSPICIOUS PERSON",2011-04-11,-122.2847205,47.61164609,"suspicious"
2011000099420,"REPORT WRITTEN (NO ARREST)","911",2,"THEFT (DOES NOT INCLUDE SHOPLIFT OR SVCS)","THEFT - CAR PROWL",2011-03-28,-122.28628788,47.60922285,"theft"
2011000096407,"ASSISTANCE RENDERED","911",1,"OBS - PROWLER - IP/JO","PROWLER - GENERAL",2011-03-25,-122.28410155,47.61205754,"disturbance"
2011000071094,"ASSISTANCE RENDERED","911",3,"SUSPICIOUS PERSON, VEHICLE, OR INCIDENT","CRISIS COMPLAINT - GENERAL",2011-03-02,-122.28715965,47.61099714,"suspicious"
2011000071042,"ORAL WARNING GIVEN","911",2,"SUSPICIOUS PERSON, VEHICLE, OR INCIDENT","PROWLER - TRESPASS",2011-03-02,-122.28715965,47.61099714,"suspicious"
2011000039683,"ASSISTANCE RENDERED","TELEPHONE OTHER, NOT 911",3,"NARCOTICS - VIOLATIONS (LOITER, USE, SELL, NARS)","NARCOTICS - OTHER",2011-02-02,-122.28715965,47.61099714,"drug"
2011000008027,"ASSISTANCE RENDERED","911",3,"SUSPICIOUS PERSON, VEHICLE, OR INCIDENT","SUSPICIOUS CIRCUM. - SUSPICIOUS PERSON",2011-01-07,-122.28715965,47.61099714,"suspicious"
2010000434814,"REPORT WRITTEN (NO ARREST)","911",6,"OBS - SECONDARY - THEFT","THEFT - CAR PROWL",2010-12-18,-122.28559782,47.6107281,"theft"
2010000425298,"ASSISTANCE RENDERED","ONVIEW",2,"TRAFFIC - BLOCKING ROADWAY","ASSIST PUBLIC - OTHER (NON-SPECIFIED)",2010-12-10,-122.28198512,47.61206168,"traffic"
2010000412848,"REPORT WRITTEN (NO ARREST)","TELEPHONE OTHER, NOT 911",3,"PROPERTY - DAMAGE","PROPERTY DEST (DAMG)",2010-11-29,-122.28603117,47.61210969,"prop.dmg"
2010000409770,"ASSISTANCE RENDERED","911",2,"SUSPICIOUS PERSON, VEHICLE, OR INCIDENT","SUSPICIOUS CIRCUM. - SUSPICIOUS PERSON",2010-11-26,-122.28715965,47.61099714,"suspicious"
2010000402062,"REPORT WRITTEN (NO ARREST)","TELEPHONE OTHER, NOT 911",6,"OBS - SECONDARY - THEFT","THEFT - CAR PROWL",2010-11-18,-122.28719052,47.60980993,"theft"
2010000400780,"ORAL WARNING GIVEN","TELEPHONE OTHER, NOT 911",2,"NARCOTICS - VIOLATIONS (LOITER, USE, SELL, NARS)","NARCOTICS - OTHER",2010-11-17,-122.28484797,47.61100209,"drug"
2010000394004,"REPORT WRITTEN (NO ARREST)","TELEPHONE OTHER, NOT 911",6,"OBS - SECONDARY - THEFT","THEFT - CAR PROWL",2010-11-11,-122.28719051,47.60980992,"theft"
2010000385739,"ASSISTANCE RENDERED","911",2,"SUSPICIOUS PERSON, VEHICLE, OR INCIDENT","SUSPICIOUS CIRCUM. - SUSPICIOUS PERSON",2010-11-04,-122.28715965,47.61099714,"suspicious"
2010000360465,"ASSISTANCE RENDERED","ONVIEW",7,"SUSPICIOUS STOP - OFFICER INITIATED ONVIEW","ASSIST PUBLIC - OTHER (NON-SPECIFIED)",2010-10-15,-122.28198512,47.61206168,"suspicious"
2010000360406,"ASSISTANCE RENDERED","911",2,"OBS - PROWLER","SUSPICIOUS CIRCUM. - SUSPICIOUS PERSON",2010-10-14,-122.28715964,47.61099714,"suspicious"
2010000338514,"ASSISTANCE RENDERED","911",3,"SUSPICIOUS PERSON, VEHICLE, OR INCIDENT","SUSPICIOUS CIRCUM. - SUSPICIOUS PERSON",2010-09-27,-122.28302061,47.6119038,"suspicious"
2010000331942,"REPORT WRITTEN (NO ARREST)","TELEPHONE OTHER, NOT 911",5,"TRU - THEFT","THEFT - CAR PROWL",2010-09-22,-122.28715965,47.61099714,"theft"
2010000320268,"REPORT WRITTEN (NO ARREST)","TELEPHONE OTHER, NOT 911",2,"SHOTS HEARD - DELAY","SUSPICIOUS CIRCUM. - SUSPICIOUS PERSON",2010-09-12,-122.28224625,47.61177635,"violence"
2010000316916,"ASSISTANCE RENDERED","911",2,"SUSPICIOUS PERSON, VEHICLE, OR INCIDENT","SUSPICIOUS CIRCUM. - SUSPICIOUS PERSON",2010-09-10,-122.28628788,47.60922285,"suspicious"
2010000315053,"ASSISTANCE RENDERED","TELEPHONE OTHER, NOT 911",3,"SUSPICIOUS PERSON, VEHICLE, OR INCIDENT","DISTURBANCE - OTHER",2010-09-08,-122.28535162,47.61146516,"suspicious"
2010000289973,"REPORT WRITTEN (NO ARREST)","911",3,"THEFT (DOES NOT INCLUDE SHOPLIFT OR SVCS)","THEFT - ALL OTHER",2010-08-19,-122.28587978,47.61037301,"theft"
2010000285029,"ASSISTANCE RENDERED","911",3,"HARAS - NO BIAS OR THREATS","CRISIS COMPLAINT - GENERAL",2010-08-15,-122.28410155,47.61205754,"disturbance"
2010000283465,"RADIO BROADCAST AND CLEAR","TELEPHONE OTHER, NOT 911",6,"OBS - SECONDARY - THEFT","THEFT - CAR PROWL",2010-08-14,-122.28559782,47.6107281,"theft"
2010000281074,"REPORT WRITTEN (NO ARREST)","TELEPHONE OTHER, NOT 911",5,"TRU - THEFT","THEFT - BICYCLE",2010-08-12,-122.28468983,47.60975947,"theft"
2010000269651,"REPORT WRITTEN (NO ARREST)","911",3,"THEFT (DOES NOT INCLUDE SHOPLIFT OR SVCS)","THEFT - CAR PROWL",2010-08-04,-122.28410155,47.61205754,"theft"
2010000233342,"ASSISTANCE RENDERED","ONVIEW",7,"SUSPICIOUS STOP - OFFICER INITIATED ONVIEW","INTOX & LIQ VIOLS - INTOXICATED PERSON",2010-07-08,-122.28198512,47.61206168,"suspicious"
2010000187153,"REPORT WRITTEN (NO ARREST)","TELEPHONE OTHER, NOT 911",6,"OBS - SECONDARY - THEFT","THEFT - CAR PROWL",2010-06-04,-122.28715965,47.61099714,"theft"
2010000178110,"UNABLE TO LOCATE INCIDENT OR COMPLAINANT","911",3,"OBS - NOISE - DISTURBANCE (PARTY, ETC)","DISTURBANCE - NOISE",2010-05-29,-122.28587978,47.61037301,"disturbance"
2010000173275,"REPORT WRITTEN (NO ARREST)","911",6,"OBS - SECONDARY - THEFT","THEFT - CAR PROWL",2010-05-25,-122.28719052,47.60980993,"theft"
2010000172643,"REPORT WRITTEN (NO ARREST)","TELEPHONE OTHER, NOT 911",6,"OBS - SECONDARY - THEFT","THEFT - CAR PROWL",2010-05-25,-122.28712634,47.6122376,"theft"
2010000172570,"REPORT WRITTEN (NO ARREST)","TELEPHONE OTHER, NOT 911",6,"OBS - SECONDARY - THEFT","THEFT - CAR PROWL",2010-05-25,-122.28603117,47.61210969,"theft"
2010000165736,"ASSISTANCE RENDERED","911",3,"DISTURBANCE","DISTURBANCE - OTHER",2010-05-20,-122.28410155,47.61205754,"disturbance"
2010000163780,"ASSISTANCE RENDERED","911",2,"SUSPICIOUS PERSON, VEHICLE, OR INCIDENT","SUSPICIOUS CIRCUM. - SUSPICIOUS PERSON",2010-05-18,-122.28712634,47.6122376,"suspicious"
2010000162437,"ASSISTANCE RENDERED","911",2,"SUSPICIOUS PERSON, VEHICLE, OR INCIDENT","SUSPICIOUS CIRCUM. - SUSPICIOUS PERSON",2010-05-17,-122.28603117,47.61210969,"suspicious"
2010000136225,"RADIO BROADCAST AND CLEAR","TELEPHONE OTHER, NOT 911",2,"DISTURBANCE","CRISIS COMPLAINT - GENERAL",2010-04-26,-122.28198512,47.61206168,"disturbance"
2010000125723,"UNABLE TO LOCATE INCIDENT OR COMPLAINANT","TELEPHONE OTHER, NOT 911",2,"HAZ - POTENTIAL THRT TO PHYS SAFETY","MISCHIEF OR NUISANCE - GENERAL",2010-04-18,-122.28659251,47.61159813,"disturbance"
2010000123254,"REPORT WRITTEN (NO ARREST)","911",6,"OBS - SECONDARY - THEFT","THEFT - CAR PROWL",2010-04-16,-122.28603117,47.61210969,"theft"
2010000121356,"REPORT WRITTEN (NO ARREST)","ONVIEW",3,"HARAS - NO BIAS OR THREATS","ASSAULTS - HARASSMENT, THREATS",2010-04-14,-122.28198512,47.61206168,"disturbance"
2010000093031,"REPORT WRITTEN (NO ARREST)","ONVIEW",3,"HARAS - NO BIAS OR THREATS","ASSAULTS - HARASSMENT, THREATS",2010-03-21,-122.28224625,47.61177635,"disturbance"
2010000089661,"ASSISTANCE RENDERED","TELEPHONE OTHER, NOT 911",2,"DISTURBANCE","SUSPICIOUS CIRCUM. - SUSPICIOUS PERSON",2010-03-18,-122.28198512,47.61206168,"disturbance"
2010000046696,"REPORT WRITTEN (NO ARREST)","911",6,"OBS - SECONDARY - THEFT","THEFT - CAR PROWL",2010-02-10,-122.28224625,47.61177635,"theft"
2010000032986,"REPORT WRITTEN (NO ARREST)","911",3,"AUTO THEFT - VEH THEFT OR THEFT AND RECOVERY","PROPERTY DEST (DAMG)",2010-01-29,-122.28302061,47.6119038,"theft"
2019000362495,"RESPONDING UNIT(S) CANCELLED BY RADIO","911",3,"SUSPICIOUS PERSON, VEHICLE, OR INCIDENT","SUSPICIOUS CIRCUM. - SUSPICIOUS PERSON",2019-09-28,-122.28302061,47.6119038,"suspicious"
2016000288093,"UNABLE TO LOCATE INCIDENT OR COMPLAINANT","TELEPHONE OTHER, NOT 911",3,"PARKING VIOLATION (EXCEPT ABANDONED CAR)","TRAFFIC - PARKING VIOL (EXCEPT ABANDONED CAR)",2016-08-10,-122.28715964,47.61099714,"traffic"
2020000134021,"RESPONDING UNIT(S) CANCELLED BY RADIO","TELEPHONE OTHER, NOT 911",2,"DISTURBANCE","DISTURBANCE - OTHER",2020-04-22,-122.28198512,47.61206168,"disturbance"
2014000286265,"UNABLE TO LOCATE INCIDENT OR COMPLAINANT","911",4,"NOISE - GENERAL","DISTURBANCE - NOISE",2014-08-27,-122.28198512,47.61206168,"disturbance"
2014000192131,"CITATION ISSUED (CRIMINAL OR NON-CRIMINAL)","TELEPHONE OTHER, NOT 911",3,"PARKING VIOLATION (EXCEPT ABANDONED CAR)","TRAFFIC - PARKING VIOL (EXCEPT ABANDONED CAR)",2014-06-16,-122.28501219,47.61036516,"traffic"
2011000233876,"ASSISTANCE RENDERED","TELEPHONE OTHER, NOT 911",3,"PARKING VIOLATION (EXCEPT ABANDONED CAR)","TRAFFIC - PARKING VIOL (EXCEPT ABANDONED CAR)",2011-07-19,-122.28468983,47.60975947,"traffic"
2016000313086,"UNABLE TO LOCATE INCIDENT OR COMPLAINANT","911",2,"SUSPICIOUS PERSON, VEHICLE, OR INCIDENT","DISTURBANCE - OTHER",2016-08-29,-122.28715965,47.61099714,"suspicious"
2011000265644,"NO POLICE ACTION POSSIBLE OR NECESSARY","911",3,"OBS - NOISE - DISTURBANCE (PARTY, ETC)","DISTURBANCE - NOISE",2011-08-13,-122.28302061,47.6119038,"disturbance"
2013000458179,"UNABLE TO LOCATE INCIDENT OR COMPLAINANT","911",3,"PARKING VIOLATION (EXCEPT ABANDONED CAR)","TRAFFIC - PARKING VIOL (EXCEPT ABANDONED CAR)",2013-12-24,-122.28411376,47.61150482,"traffic"
2012000249302,"CITATION ISSUED (CRIMINAL OR NON-CRIMINAL)","TELEPHONE OTHER, NOT 911",3,"PARKING VIOLATION (EXCEPT ABANDONED CAR)","TRAFFIC - PARKING VIOL (EXCEPT ABANDONED CAR)",2012-07-31,-122.28410153,47.61205754,"traffic"
2020000139603,"REPORT WRITTEN (NO ARREST)","TELEPHONE OTHER, NOT 911",2,"THEFT (DOES NOT INCLUDE SHOPLIFT OR SVCS)","THEFT - CAR PROWL",2020-04-27,-122.28224625,47.61177635,"theft"
2016000099514,"UNABLE TO LOCATE INCIDENT OR COMPLAINANT","TELEPHONE OTHER, NOT 911",3,"PARKING VIOLATION (EXCEPT ABANDONED CAR)","TRAFFIC - PARKING VIOL (EXCEPT ABANDONED CAR)",2016-03-22,-122.28410155,47.61205754,"traffic"
2018000326685,"ASSISTANCE RENDERED","911",3,"PARKING VIOLATION (EXCEPT ABANDONED CAR)","TRAFFIC - PARKING VIOL (EXCEPT ABANDONED CAR)",2018-09-01,-122.28250736,47.61149102,"traffic"
2013000465670,"ASSISTANCE RENDERED","911",3,"PROPERTY - DAMAGE","DISTURBANCE - OTHER",2013-12-31,-122.28198512,47.61206168,"prop.dmg"
2013000383567,"ORAL WARNING GIVEN","911",2,"TRAFFIC - BLOCKING ROADWAY","TRAFFIC - PARKING VIOL (EXCEPT ABANDONED CAR)",2013-10-22,-122.28471739,47.61178126,"traffic"
2023000287432,"ASSISTANCE RENDERED","911",2,"HAZ - POTENTIAL THRT TO PHYS SAFETY","SUSPICIOUS CIRCUM. - SUSPICIOUS PERSON",2023-10-04,-122.28198512,47.61206168,"suspicious"
2014000218103,"ASSISTANCE RENDERED","911",4,"FIREWORKS (NO HAZARD)","DISTURBANCE - OTHER",2014-07-05,-122.28631637,47.61037728,"disturbance"
2010000382075,"ORAL WARNING GIVEN","TELEPHONE OTHER, NOT 911",3,"PARKING VIOLATION (EXCEPT ABANDONED CAR)","TRAFFIC - PARKING VIOL (EXCEPT ABANDONED CAR)",2010-11-01,-122.28198512,47.61206168,"traffic"
2013000389599,"UNABLE TO LOCATE INCIDENT OR COMPLAINANT","911",3,"OBS - NOISE - DISTURBANCE (PARTY, ETC)","DISTURBANCE - NOISE",2013-10-26,-122.28224625,47.61177635,"disturbance"
2021000273360,"NO POLICE ACTION POSSIBLE OR NECESSARY","TELEPHONE OTHER, NOT 911",3,"SUSPICIOUS PERSON, VEHICLE, OR INCIDENT","SUSPICIOUS CIRCUM. - SUSPICIOUS PERSON",2021-10-15,-122.28224625,47.61177635,"suspicious"
2011000339648,"ORAL WARNING GIVEN","TELEPHONE OTHER, NOT 911",3,"PARKING VIOLATION (EXCEPT ABANDONED CAR)","TRAFFIC - PARKING VIOL (EXCEPT ABANDONED CAR)",2011-10-17,-122.28603117,47.61210969,"traffic"
2012000149702,"ASSISTANCE RENDERED","TELEPHONE OTHER, NOT 911",3,"PARKING VIOLATION (EXCEPT ABANDONED CAR)","TRAFFIC - PARKING VIOL (EXCEPT ABANDONED CAR)",2012-05-15,-122.28603117,47.61210969,"traffic"
2023000130108,"ASSISTANCE RENDERED","911",2,"DISTURBANCE","DISTURBANCE - OTHER",2023-05-12,-122.28715964,47.61099714,"disturbance"
2024000019377,"UNABLE TO LOCATE INCIDENT OR COMPLAINANT","911",2,"THREATS (INCLS IN-PERSON/BY PHONE/IN WRITING)","SUSPICIOUS CIRCUM. - SUSPICIOUS PERSON",2024-01-21,-122.28198511,47.61206168,"disturbance"
2014000429445,"UNABLE TO LOCATE INCIDENT OR COMPLAINANT","TELEPHONE OTHER, NOT 911",3,"PARKING VIOLATION (EXCEPT ABANDONED CAR)","TRAFFIC - PARKING VIOL (EXCEPT ABANDONED CAR)",2014-12-30,-122.28410155,47.61205754,"traffic"
2021000178562,"RESPONDING UNIT(S) CANCELLED BY RADIO","911",1,"UNKNOWN - ANI/ALI - LANDLINE (INCLUDES OPEN LINE)","DISTURBANCE - OTHER",2021-07-14,-122.28603117,47.61210969,"suspicious"
2019000297860,"UNABLE TO LOCATE INCIDENT OR COMPLAINANT","911",1,"SHOTS HEARD - IN PROGRESS","SUSPICIOUS CIRCUM. - SUSPICIOUS PERSON",2019-08-11,-122.28501219,47.61036516,"violence"
2015000027562,"RESPONDING UNIT(S) CANCELLED BY RADIO","911",1,"UNKNOWN - ANI/ALI - LANDLINE (INCLUDES OPEN LINE)","WEAPON, PERSON WITH - GUN",2015-01-25,-122.28501219,47.61036516,"suspicious"
2016000183997,"REPORT WRITTEN (NO ARREST)","911",3,"SUSPICIOUS PERSON, VEHICLE, OR INCIDENT","DISTURBANCE - OTHER",2016-05-25,-122.28411376,47.61150482,"suspicious"
2015000365016,"DUPLICATED OR CANCELLED BY RADIO","TELEPHONE OTHER, NOT 911",3,"DISTURBANCE","DISTURBANCE",2015-10-18,-122.28198512,47.61206168,"disturbance"
2011000193257,"REPORT WRITTEN (NO ARREST)","911",3,"AUTO THEFT - VEH THEFT OR THEFT AND RECOVERY","AUTOMOBILES - AUTO THEFT",2011-06-16,-122.28410155,47.61205754,"theft"
2011000247441,"UNABLE TO LOCATE INCIDENT OR COMPLAINANT","911",4,"PARKING VIOLATION (EXCEPT ABANDONED CAR)","TRAFFIC - PARKING VIOL (EXCEPT ABANDONED CAR)",2011-07-30,-122.28198512,47.61206168,"traffic"
2019000291283,"ASSISTANCE RENDERED","911",2,"DISTURBANCE","DISTURBANCE - OTHER",2019-08-06,-122.28302061,47.6119038,"disturbance"
2016000096337,"DUPLICATED OR CANCELLED BY RADIO","TELEPHONE OTHER, NOT 911",2,"PROPERTY - DAMAGE","DISTURBANCE - OTHER",2016-03-19,-122.28410155,47.61205754,"prop.dmg"
2019000436170,"CITATION ISSUED (CRIMINAL OR NON-CRIMINAL)","911",3,"PARKING VIOLATION (EXCEPT ABANDONED CAR)","TRAFFIC - PARKING VIOL (EXCEPT ABANDONED CAR)",2019-11-23,-122.28198512,47.61206168,"traffic"
2012000249373,"CITATION ISSUED (CRIMINAL OR NON-CRIMINAL)","911",3,"PARKING VIOLATION (EXCEPT ABANDONED CAR)","TRAFFIC - PARKING VIOL (EXCEPT ABANDONED CAR)",2012-07-31,-122.28348568,47.61233382,"traffic"
2018000351488,"UNABLE TO LOCATE INCIDENT OR COMPLAINANT","TELEPHONE OTHER, NOT 911",3,"PARKING VIOLATION (EXCEPT ABANDONED CAR)","TRAFFIC - PARKING VIOL (EXCEPT ABANDONED CAR)",2018-09-20,-122.28302061,47.6119038,"traffic"
2021000119507,"ORAL WARNING GIVEN","911",2,"LIQUOR VIOLATIONS - MINOR","DISTURBANCE - NOISE",2021-05-15,-122.28715965,47.61099714,"disturbance"
2019000147579,"RESPONDING UNIT(S) CANCELLED BY RADIO","TELEPHONE OTHER, NOT 911",1,"DISTURBANCE","ASSIST OTHER AGENCY - COUNTY AGENCY",2019-04-26,-122.28198512,47.61206168,"disturbance"
2015000237255,"ASSISTANCE RENDERED","TELEPHONE OTHER, NOT 911",2,"TRAFFIC - BLOCKING ROADWAY","TRAFFIC - BLOCKING TRAFFIC",2015-07-11,-122.28348568,47.61233382,"traffic"
2010000272936,"CITATION ISSUED (CRIMINAL OR NON-CRIMINAL)","TELEPHONE OTHER, NOT 911",3,"PARKING VIOLATION (EXCEPT ABANDONED CAR)","TRAFFIC - PARKING VIOL (EXCEPT ABANDONED CAR)",2010-08-06,-122.28198512,47.61206168,"traffic"
2023000114880,"ASSISTANCE RENDERED","TELEPHONE OTHER, NOT 911",3,"SUSPICIOUS PERSON, VEHICLE, OR INCIDENT","DISTURBANCE - OTHER",2023-04-28,-122.28471739,47.61178126,"suspicious"
2013000042434,"NO POLICE ACTION POSSIBLE OR NECESSARY","911",3,"SUSPICIOUS PERSON, VEHICLE, OR INCIDENT","SUSPICIOUS CIRCUM. - SUSPICIOUS PERSON",2013-02-06,-122.28198512,47.61206168,"suspicious"
2011000349310,"ORAL WARNING GIVEN","TELEPHONE OTHER, NOT 911",3,"PARKING VIOLATION (EXCEPT ABANDONED CAR)","TRAFFIC - PARKING VIOL (EXCEPT ABANDONED CAR)",2011-10-26,-122.28719052,47.60980993,"traffic"
2013000095470,"CITATION ISSUED (CRIMINAL OR NON-CRIMINAL)","TELEPHONE OTHER, NOT 911",3,"PARKING VIOLATION (EXCEPT ABANDONED CAR)","TRAFFIC - PARKING VIOL (EXCEPT ABANDONED CAR)",2013-03-21,-122.28719052,47.60980993,"traffic"
